,UTC,Temperature[C],Humidity[%],TVOC[ppb],eCO2[ppm],Raw H2,Raw Ethanol,Pressure[hPa],PM1.0,PM2.5,NC0.5,NC1.0,NC2.5,CNT,Fire Alarm
0,1654733331,20.0,57.36,0,400,12306,18520,939.735,0.0,0.0,0.0,0.0,0.0,0,0
1,1654733332,20.015,56.67,0,400,12345,18651,939.744,0.0,0.0,0.0,0.0,0.0,1,0
2,1654733333,20.029,55.96,0,400,12374,18764,939.738,0.0,0.0,0.0,0.0,0.0,2,0
3,1654733334,20.044,55.28,0,400,12390,18849,939.736,0.0,0.0,0.0,0.0,0.0,3,0
4,1654733335,20.059,54.69,0,400,12403,18921,939.744,0.0,0.0,0.0,0.0,0.0,4,0
5,1654733336,20.073,54.12,0,400,12419,18998,939.725,0.0,0.0,0.0,0.0,0.0,5,0
6,1654733337,20.088,53.61,0,400,12432,19058,939.738,0.0,0.0,0.0,0.0,0.0,6,0
7,1654733338,20.103,53.2,0,400,12439,19114,939.758,0.0,0.0,0.0,0.0,0.0,7,0
8,1654733339,20.117,52.81,0,400,12448,19155,939.758,0.0,0.0,0.0,0.0,0.0,8,0
9,1654733340,20.132,52.46,0,400,12453,19195,939.756,0.9,3.78,0.0,4.369,2.78,9,0
10,1654733341,20.146,52.15,0,400,12454,19230,939.757,0.89,3.71,0.0,4.289,2.73,10,0
11,1654733342,20.161,51.84,0,400,12467,19264,939.754,0.84,3.51,0.0,4.053,2.58,11,0
12,1654733343,20.175,51.62,0,400,12467,19299,939.755,0.81,3.38,0.0,3.909,2.488,12,0
13,1654733344,20.19,51.39,0,400,12469,19317,939.758,0.74,3.11,0.0,3.588,2.284,13,0
14,1654733345,20.204,51.17,0,403,12468,19338,939.742,0.71,2.96,0.0,3.419,2.176,14,0
15,1654733346,20.219,50.99,0,400,12475,19362,939.741,0.64,2.66,0.0,3.077,1.959,15,0
16,1654733347,20.233,50.86,0,400,12480,19382,939.758,0.6,2.52,0.0,2.908,1.851,16,0
17,1654733348,20.248,50.66,0,400,12477,19400,939.764,0.53,2.23,0.0,2.58,1.642,17,0
18,1654733349,20.262,50.49,0,400,12481,19422,939.761,0.5,2.1,0.0,2.423,1.542,18,0
19,1654733350,20.277,50.27,0,406,12489,19451,939.752,0.41,1.72,0.0,1.987,1.265,19,0
20,1654733351,20.291,50.15,0,400,12491,19456,939.729,0.38,1.6,0.0,1.855,1.18,20,0
21,1654733352,20.305,50.02,0,400,12487,19470,939.741,0.33,1.39,0.0,1.61,1.024,21,0
22,1654733353,20.32,49.96,0,400,12492,19489,939.756,0.31,1.3,0.0,1.497,0.953,22,0
23,1654733354,20.334,49.83,0,415,12495,19489,939.764,0.27,1.12,0.0,1.291,0.821,23,0
24,1654733355,20.348,49.76,0,400,12498,19503,939.77,0.25,1.04,0.0,1.197,0.762,24,0
25,1654733356,20.363,49.65,0,401,12499,19516,939.774,0.21,0.89,0.0,1.026,0.653,25,0
26,1654733357,20.377,49.58,0,404,12503,19525,939.771,0.2,0.82,0.0,0.949,0.604,26,0
27,1654733358,20.391,49.37,30,445,12478,19500,939.771,0.17,0.58,0.14,0.665,0.398,27,0
28,1654733359,20.406,49.58,36,455,12472,19487,939.77,0.16,0.56,0.13,0.644,0.385,28,0
29,1654733360,20.42,50.11,20,443,12471,19493,939.775,0.15,0.52,0.12,0.595,0.356,29,0
30,1654733361,20.434,50.68,16,435,12481,19509,939.772,0.14,0.5,0.12,0.569,0.34,30,0
31,1654733362,20.448,51.23,8,440,12482,19520,939.772,0.13,0.45,0.11,0.514,0.308,31,0
32,1654733363,20.462,51.77,11,440,12479,19515,939.762,0.12,0.42,0.1,0.487,0.291,32,0
33,1654733364,20.477,52.28,0,420,12486,19532,939.769,0.11,0.38,0.09,0.434,0.259,33,0
34,1654733365,20.491,52.74,0,414,12489,19535,939.747,0.1,0.36,0.08,0.408,0.244,34,0
35,1654733366,20.505,53.12,3,413,12490,19541,939.754,0.09,0.31,0.07,0.359,0.215,35,0
36,1654733367,20.519,53.5,0,410,12491,19541,939.755,0.08,0.29,0.07,0.336,0.201,36,0
37,1654733368,20.533,53.84,0,413,12498,19552,939.747,0.07,0.26,0.06,0.293,0.175,37,0
38,1654733369,20.547,54.13,0,400,12498,19569,939.757,0.07,0.24,0.06,0.273,0.163,38,0
39,1654733370,20.561,54.41,6,415,12491,19559,939.761,0.06,0.21,0.05,0.236,0.141,39,0
40,1654733371,20.575,54.67,7,406,12498,19553,939.766,0.06,0.19,0.05,0.219,0.131,40,0
41,1654733372,20.589,54.91,0,400,12503,19578,939.765,0.05,0.18,0.04,0.204,0.122,41,0
42,1654733373,20.603,55.08,0,410,12497,19565,939.761,0.04,0.15,0.04,0.175,0.105,42,0
43,1654733374,20.617,55.28,0,400,12505,19565,939.757,0.04,0.14,0.03,0.162,0.097,43,0
44,1654733375,20.631,55.49,0,400,12508,19581,939.762,0.03,0.12,0.03,0.138,0.083,44,0
45,1654733376,20.645,55.86,8,404,12501,19574,939.754,0.03,0.09,0.02,0.1,0.06,45,0
46,1654733377,20.659,55.99,9,406,12505,19582,939.754,0.02,0.08,0.02,0.092,0.055,46,0
47,1654733378,20.673,56.11,0,400,12507,19585,939.745,0.02,0.07,0.02,0.078,0.047,47,0
48,1654733379,20.687,56.18,0,400,12514,19594,939.741,0.02,0.06,0.01,0.072,0.043,48,0
49,1654733380,20.701,56.32,0,408,12510,19587,939.722,0.02,0.05,0.01,0.061,0.036,49,0
50,1654733381,20.715,56.36,6,416,12503,19580,939.711,0.01,0.05,0.01,0.056,0.033,50,0
51,1654733382,20.729,56.47,14,411,12508,19587,939.701,0.01,0.04,0.01,0.047,0.028,51,0
52,1654733383,20.743,56.55,11,404,12512,19596,939.693,0.01,0.04,0.01,0.043,0.026,52,0
53,1654733384,20.756,56.6,11,404,12513,19591,939.707,0.01,0.03,0.01,0.036,0.022,53,0
54,1654733385,20.77,56.66,4,400,12514,19595,939.718,0.01,0.03,0.01,0.033,0.02,54,0
55,1654733386,20.784,56.91,0,400,12535,19628,939.722,0.01,0.02,0.01,0.028,0.017,55,0
56,1654733387,20.798,56.64,0,400,12532,19626,939.721,0.01,0.02,0.01,0.026,0.015,56,0
57,1654733388,20.812,56.06,0,400,12538,19624,939.709,0.44,1.66,0.05,1.906,1.171,57,0
58,1654733389,20.825,55.38,0,400,12539,19629,939.714,0.33,1.24,0.04,1.428,0.877,58,0
59,1654733390,20.839,54.75,0,401,12539,19636,939.718,0.14,0.52,0.02,0.594,0.365,59,0
60,1654733391,20.853,54.14,4,406,12536,19627,939.719,0.08,0.32,0.01,0.364,0.223,60,0
61,1654733392,20.867,53.6,11,415,12529,19625,939.734,0.23,0.83,0.07,0.95,0.579,61,0
62,1654733393,20.88,53.11,0,400,12531,19635,939.746,0.21,0.78,0.07,0.893,0.545,62,0
63,1654733394,20.894,52.66,0,418,12536,19647,939.752,0.18,0.65,0.05,0.742,0.452,63,0
64,1654733395,20.908,52.27,10,411,12534,19635,939.76,0.16,0.59,0.05,0.678,0.414,64,0
65,1654733396,20.921,51.94,27,415,12527,19623,939.758,0.15,0.54,0.05,0.624,0.381,65,0
66,1654733397,20.935,51.66,18,413,12530,19635,939.762,0.13,0.47,0.04,0.541,0.33,66,0
67,1654733398,20.948,51.38,23,421,12532,19631,939.779,0.12,0.44,0.04,0.509,0.31,67,0
68,1654733399,20.962,51.16,13,407,12533,19627,939.767,0.11,0.39,0.03,0.448,0.273,68,0
69,1654733400,20.976,50.92,7,407,12536,19630,939.771,0.1,0.36,0.03,0.419,0.256,69,0
70,1654733401,20.989,50.72,18,401,12529,19622,939.77,0.09,0.32,0.03,0.366,0.223,70,0
71,1654733402,21.003,50.55,18,412,12534,19646,939.773,0.08,0.3,0.03,0.341,0.208,71,0
72,1654733403,21.016,50.38,18,417,12529,19623,939.763,0.07,0.26,0.02,0.295,0.18,72,0
73,1654733404,21.03,50.24,18,413,12532,19626,939.772,0.07,0.24,0.02,0.274,0.167,73,0
74,1654733405,21.043,50.1,12,410,12533,19633,939.776,0.06,0.21,0.02,0.236,0.144,74,0
75,1654733406,21.057,49.93,20,417,12526,19622,939.779,0.05,0.19,0.02,0.219,0.133,75,0
76,1654733407,21.07,49.88,19,400,12528,19620,939.777,0.04,0.16,0.01,0.187,0.114,76,0
77,1654733408,21.084,49.74,2,405,12536,19631,939.781,0.04,0.15,0.01,0.173,0.106,77,0
78,1654733409,21.097,49.67,16,408,12536,19619,939.778,0.04,0.13,0.01,0.148,0.09,78,0
79,1654733410,21.11,49.55,15,404,12537,19631,939.764,0.03,0.12,0.01,0.136,0.083,79,0
80,1654733411,21.124,49.47,18,405,12534,19631,939.772,0.03,0.1,0.01,0.116,0.071,80,0
81,1654733412,21.137,49.44,6,400,12540,19638,939.777,0.03,0.09,0.01,0.106,0.065,81,0
82,1654733413,21.15,49.39,7,407,12540,19638,939.776,0.02,0.08,0.01,0.09,0.055,82,0
83,1654733414,21.164,49.31,12,420,12533,19630,939.784,0.02,0.07,0.01,0.083,0.051,83,0
84,1654733415,21.177,49.21,15,420,12536,19622,939.787,0.02,0.06,0.01,0.07,0.043,84,0
85,1654733416,21.19,49.07,41,448,12515,19596,939.779,0.02,0.06,0.0,0.064,0.039,85,0
86,1654733417,21.204,49.29,45,453,12516,19609,939.784,0.01,0.05,0.0,0.059,0.036,86,0
87,1654733418,21.217,49.81,54,462,12510,19599,939.787,0.01,0.04,0.0,0.05,0.03,87,0
88,1654733419,21.23,50.45,33,448,12517,19610,939.782,0.01,0.04,0.0,0.046,0.028,88,0
89,1654733420,21.243,51.03,42,439,12519,19608,939.781,0.01,0.03,0.0,0.038,0.023,89,0
90,1654733421,21.257,51.56,34,437,12512,19606,939.775,0.01,0.03,0.0,0.035,0.021,90,0
91,1654733422,21.27,52.04,26,441,12527,19617,939.78,0.01,0.03,0.0,0.029,0.018,91,0
92,1654733423,21.283,52.54,18,422,12525,19619,939.788,0.01,0.02,0.0,0.027,0.016,92,0
93,1654733424,21.296,52.92,35,438,12526,19615,939.791,0.01,0.02,0.0,0.023,0.014,93,0
94,1654733425,21.309,53.32,27,424,12522,19618,939.792,0.0,0.02,0.0,0.021,0.013,94,0
95,1654733426,21.323,53.65,23,419,12528,19619,939.799,0.22,0.69,0.39,0.788,0.449,95,0
96,1654733427,21.336,53.96,33,421,12524,19614,939.801,0.2,0.63,0.36,0.718,0.409,96,0
97,1654733428,21.349,54.25,21,417,12530,19610,939.795,0.16,0.49,0.28,0.561,0.32,97,0
98,1654733429,21.362,54.52,19,418,12529,19626,939.799,0.14,0.44,0.25,0.501,0.286,98,0
99,1654733430,21.375,54.74,14,405,12533,19624,939.784,0.12,0.36,0.21,0.414,0.236,99,0
100,1654733431,21.388,54.95,19,414,12527,19613,939.796,0.11,0.33,0.19,0.382,0.218,100,0
101,1654733432,21.401,55.16,20,408,12532,19621,939.775,0.09,0.29,0.17,0.332,0.189,101,0
102,1654733433,21.414,55.32,8,410,12533,19626,939.782,0.09,0.27,0.16,0.31,0.177,102,0
103,1654733434,21.427,55.53,16,406,12537,19629,939.788,0.08,0.24,0.14,0.27,0.154,103,0
104,1654733435,21.44,55.64,2,400,12536,19635,939.787,0.07,0.22,0.13,0.251,0.143,104,0
105,1654733436,21.453,55.81,15,406,12530,19631,939.789,0.06,0.19,0.11,0.217,0.124,105,0
106,1654733437,21.466,55.9,9,401,12543,19631,939.792,0.06,0.18,0.1,0.202,0.115,106,0
107,1654733438,21.479,56.07,12,402,12534,19624,939.794,0.05,0.16,0.09,0.187,0.107,107,0
108,1654733439,21.492,56.18,13,400,12537,19630,939.798,0.05,0.14,0.08,0.16,0.091,108,0
109,1654733440,21.505,56.24,8,402,12537,19631,939.795,0.04,0.13,0.07,0.148,0.085,109,0
110,1654733441,21.518,56.37,6,400,12540,19632,939.8,0.04,0.11,0.06,0.127,0.072,110,0
111,1654733442,21.531,56.42,11,409,12539,19627,939.803,0.03,0.1,0.06,0.117,0.067,111,0
112,1654733443,21.543,56.5,16,408,12536,19628,939.804,0.03,0.09,0.05,0.099,0.057,112,0
113,1654733444,21.556,56.62,13,401,12540,19626,939.809,0.03,0.08,0.05,0.092,0.052,113,0
114,1654733445,21.569,56.69,11,400,12540,19626,939.809,0.02,0.07,0.04,0.078,0.044,114,0
115,1654733446,21.582,56.91,0,400,12565,19664,939.8,0.02,0.06,0.04,0.071,0.041,115,0
116,1654733447,21.595,56.65,0,400,12565,19673,939.807,0.02,0.05,0.03,0.06,0.034,116,0
117,1654733448,21.607,56.13,0,400,12565,19663,939.806,0.02,0.05,0.03,0.055,0.032,117,0
118,1654733449,21.62,55.44,0,402,12566,19669,939.795,0.01,0.04,0.02,0.047,0.027,118,0
119,1654733450,21.633,54.78,0,408,12565,19672,939.799,0.01,0.04,0.02,0.043,0.024,119,0
120,1654733451,21.646,54.24,10,419,12562,19658,939.802,0.01,0.03,0.02,0.036,0.021,120,0
121,1654733452,21.658,53.68,2,415,12558,19654,939.791,0.01,0.03,0.02,0.033,0.019,121,0
122,1654733453,21.671,53.18,2,404,12560,19659,939.792,0.01,0.02,0.01,0.028,0.016,122,0
123,1654733454,21.684,52.75,0,400,12563,19658,939.798,0.01,0.02,0.01,0.025,0.015,123,0
124,1654733455,21.696,52.37,6,408,12562,19648,939.798,0.01,0.02,0.01,0.021,0.012,124,0
125,1654733456,21.709,52.01,2,413,12567,19661,939.804,0.01,0.02,0.01,0.02,0.011,125,0
126,1654733457,21.722,51.72,10,415,12557,19654,939.802,0.0,0.01,0.01,0.016,0.009,126,0
127,1654733458,21.734,51.45,7,413,12558,19659,939.803,0.0,0.01,0.01,0.015,0.009,127,0
128,1654733459,21.747,51.18,2,413,12565,19665,939.805,0.0,0.01,0.01,0.014,0.008,128,0
129,1654733460,21.76,51.01,9,417,12563,19662,939.8,0.0,0.01,0.01,0.011,0.006,129,0
130,1654733461,21.772,50.78,10,417,12565,19664,939.788,0.0,0.01,0.01,0.01,0.006,130,0
131,1654733462,21.785,50.64,2,401,12564,19650,939.784,0.0,0.01,0.0,0.009,0.005,131,0
132,1654733463,21.797,50.46,1,407,12563,19659,939.782,0.0,0.01,0.0,0.008,0.005,132,0
133,1654733464,21.81,50.3,0,400,12565,19658,939.773,0.0,0.01,0.0,0.007,0.004,133,0
134,1654733465,21.822,50.16,21,425,12561,19649,939.782,0.0,0.01,0.0,0.006,0.003,134,0
135,1654733466,21.835,50.04,10,426,12559,19649,939.796,0.0,0.0,0.0,0.005,0.003,135,0
136,1654733467,21.847,49.93,6,420,12566,19662,939.791,0.0,0.0,0.0,0.005,0.003,136,0
137,1654733468,21.86,49.85,6,417,12562,19653,939.792,0.0,0.0,0.0,0.004,0.002,137,0
138,1654733469,21.872,49.76,8,420,12565,19660,939.806,0.0,0.0,0.0,0.003,0.002,138,0
139,1654733470,21.885,49.64,5,417,12564,19655,939.821,0.0,0.0,0.0,0.003,0.002,139,0
140,1654733471,21.897,49.58,11,411,12563,19651,939.815,0.0,0.0,0.0,0.003,0.001,140,0
141,1654733472,21.909,49.5,11,421,12563,19647,939.805,0.0,0.0,0.0,0.002,0.001,141,0
142,1654733473,21.922,49.42,0,414,12571,19657,939.805,0.0,0.0,0.0,0.002,0.001,142,0
143,1654733474,21.934,49.38,7,418,12565,19653,939.803,0.0,0.0,0.0,0.002,0.001,143,0
144,1654733475,21.946,49.33,4,406,12565,19659,939.819,0.0,0.0,0.0,0.001,0.001,144,0
145,1654733476,21.959,49.16,28,442,12547,19629,939.812,0.0,0.0,0.0,0.001,0.001,145,0
146,1654733477,21.971,49.32,39,455,12541,19629,939.817,0.0,0.0,0.0,0.001,0.001,146,0
147,1654733478,21.983,49.87,29,440,12544,19631,939.813,0.0,0.0,0.0,0.001,0.001,147,0
148,1654733479,21.996,50.49,31,445,12545,19632,939.81,0.0,0.0,0.0,0.001,0.0,148,0
149,1654733480,22.008,51.08,28,453,12548,19631,939.818,0.0,0.0,0.0,0.001,0.0,149,0
150,1654733481,22.02,51.65,26,440,12549,19633,939.832,0.0,0.0,0.0,0.001,0.0,150,0
151,1654733482,22.032,52.13,28,433,12543,19638,939.82,0.21,0.54,0.58,0.614,0.324,151,0
152,1654733483,22.044,52.62,23,433,12558,19649,939.815,0.15,0.41,0.44,0.46,0.243,152,0
153,1654733484,22.057,53.02,20,430,12554,19644,939.815,0.1,0.27,0.29,0.307,0.162,153,0
154,1654733485,22.069,53.45,21,438,12550,19642,939.817,0.04,0.1,0.11,0.115,0.061,154,0
155,1654733486,22.081,53.75,16,426,12554,19644,939.817,0.02,0.06,0.06,0.067,0.035,155,0
156,1654733487,22.093,54.05,26,431,12556,19638,939.811,0.01,0.02,0.02,0.022,0.011,156,0
157,1654733488,22.105,54.36,32,437,12552,19637,939.809,0.0,0.01,0.01,0.012,0.006,157,0
158,1654733489,22.117,54.59,29,417,12559,19641,939.813,0.0,0.0,0.0,0.004,0.002,158,0
159,1654733490,22.13,54.83,21,420,12567,19645,939.81,0.0,0.0,0.0,0.002,0.001,159,0
160,1654733491,22.142,55.03,20,420,12560,19641,939.794,0.0,0.0,0.0,0.001,0.0,160,0
161,1654733492,22.154,55.25,20,421,12567,19654,939.791,0.0,0.0,0.0,0.0,0.0,161,0
162,1654733493,22.166,55.46,12,415,12565,19639,939.791,0.0,0.0,0.0,0.0,0.0,162,0
163,1654733494,22.178,55.61,11,410,12562,19649,939.799,0.0,0.0,0.0,0.0,0.0,163,0
164,1654733495,22.19,55.73,11,400,12568,19652,939.805,0.0,0.0,0.0,0.0,0.0,164,0
165,1654733496,22.202,55.88,18,417,12567,19656,939.812,0.0,0.0,0.0,0.0,0.0,165,0
166,1654733497,22.214,56.02,14,403,12566,19656,939.812,0.0,0.0,0.0,0.0,0.0,166,0
167,1654733498,22.226,56.14,17,405,12571,19659,939.821,0.0,0.0,0.0,0.0,0.0,167,0
168,1654733499,22.238,56.26,11,401,12564,19660,939.823,0.0,0.0,0.0,0.0,0.0,168,0
169,1654733500,22.25,56.32,2,403,12577,19663,939.826,0.0,0.0,0.0,0.0,0.0,169,0
170,1654733501,22.262,56.43,2,400,12568,19662,939.815,0.0,0.0,0.0,0.0,0.0,170,0
171,1654733502,22.273,56.53,5,404,12570,19659,939.808,0.0,0.0,0.0,0.0,0.0,171,0
172,1654733503,22.285,56.63,4,404,12579,19665,939.808,0.0,0.0,0.0,0.0,0.0,172,0
173,1654733504,22.297,56.69,6,403,12571,19661,939.81,0.0,0.0,0.0,0.0,0.0,173,0
174,1654733505,22.309,56.76,2,400,12577,19663,939.82,0.0,0.0,0.0,0.0,0.0,174,0
175,1654733506,22.321,56.99,0,400,12592,19679,939.817,0.0,0.0,0.0,0.0,0.0,175,0
176,1654733507,22.333,56.77,0,400,12597,19694,939.815,0.0,0.0,0.0,0.0,0.0,176,0
177,1654733508,22.344,55.02,0,401,12597,19689,939.817,0.0,0.0,0.0,0.0,0.0,177,0
178,1654733509,22.356,54.41,0,408,12597,19685,939.809,0.0,0.0,0.0,0.0,0.0,178,0
179,1654733510,22.368,53.84,1,410,12587,19681,939.803,0.0,0.0,0.0,0.0,0.0,179,0
180,1654733511,22.38,53.38,0,402,12598,19689,939.81,0.0,0.0,0.0,0.0,0.0,180,0
181,1654733512,22.392,51.95,4,413,12591,19675,939.809,0.0,0.0,0.0,0.0,0.0,181,0
182,1654733513,22.403,51.66,0,400,12594,19682,939.81,0.0,0.0,0.0,0.0,0.0,182,0
183,1654733514,22.415,51.38,2,409,12594,19693,939.814,0.0,0.0,0.0,0.0,0.0,183,0
184,1654733515,22.427,51.19,1,405,12592,19678,939.815,0.0,0.0,0.0,0.0,0.0,184,0
185,1654733516,22.438,50.83,12,400,12596,19688,939.806,0.0,0.0,0.0,0.0,0.0,185,0
186,1654733517,22.45,50.65,1,401,12598,19680,939.798,0.0,0.0,0.0,0.0,0.0,186,0
187,1654733518,22.462,50.49,12,412,12594,19680,939.804,0.0,0.0,0.0,0.0,0.0,187,0
188,1654733519,22.473,50.36,1,407,12592,19674,939.806,0.0,0.0,0.0,0.0,0.0,188,0
189,1654733520,22.485,50.2,13,409,12596,19677,939.801,0.0,0.0,0.0,0.0,0.0,189,0
190,1654733521,22.497,50.09,2,405,12596,19681,939.803,0.0,0.0,0.0,0.0,0.0,190,0
191,1654733522,22.508,49.96,15,403,12593,19681,939.806,0.0,0.0,0.0,0.0,0.0,191,0
192,1654733523,22.52,49.89,3,402,12600,19679,939.81,0.82,2.08,2.51,2.349,1.216,192,0
193,1654733524,22.531,49.78,12,409,12596,19677,939.807,0.81,2.06,2.49,2.326,1.204,193,0
194,1654733525,22.543,49.71,1,400,12597,19676,939.813,0.77,1.97,2.38,2.226,1.153,194,0
195,1654733526,22.554,49.63,6,401,12594,19673,939.81,0.75,1.91,2.31,2.158,1.117,195,0
196,1654733527,22.566,49.57,0,402,12596,19684,939.803,0.69,1.57,2.64,1.765,0.844,196,0
197,1654733528,22.577,49.52,8,402,12596,19677,939.806,0.67,1.52,2.55,1.703,0.814,197,0
198,1654733529,22.589,49.43,8,405,12595,19676,939.812,0.62,1.39,2.34,1.563,0.748,198,0
199,1654733530,22.6,49.23,34,440,12576,19646,939.813,0.59,1.33,2.23,1.49,0.713,199,0
200,1654733531,22.612,49.5,27,440,12577,19649,939.815,0.53,1.2,2.01,1.341,0.642,200,0
201,1654733532,22.623,50.05,44,444,12574,19638,939.811,0.5,1.13,1.89,1.267,0.606,201,0
202,1654733533,22.634,50.61,27,429,12582,19656,939.812,0.44,1.0,1.68,1.124,0.538,202,0
203,1654733534,22.646,51.18,39,449,12576,19651,939.802,0.42,0.94,1.58,1.056,0.505,203,0
204,1654733535,22.657,51.74,22,422,12588,19664,939.802,0.39,0.88,1.48,0.99,0.474,204,0
205,1654733536,22.669,52.22,22,416,12582,19652,939.813,0.34,0.77,1.3,0.866,0.414,205,0
206,1654733537,22.68,52.7,28,424,12582,19650,939.804,0.32,0.72,1.21,0.809,0.387,206,0
207,1654733538,22.691,53.13,24,418,12591,19660,939.807,0.28,0.63,1.05,0.702,0.336,207,0
208,1654733539,22.703,53.51,29,419,12581,19652,939.8,0.26,0.58,0.98,0.653,0.312,208,0
209,1654733540,22.714,54.1,32,411,12591,19654,939.806,0.21,0.47,0.78,0.522,0.25,209,0
210,1654733541,22.725,54.45,18,400,12593,19669,939.806,0.18,0.4,0.67,0.448,0.214,210,0
211,1654733542,22.736,54.71,20,409,12596,19655,939.809,0.16,0.37,0.62,0.414,0.198,211,0
212,1654733543,22.748,54.87,23,404,12591,19672,939.801,0.14,0.32,0.53,0.353,0.169,212,0
213,1654733544,22.759,55.24,17,400,12596,19669,939.793,0.12,0.26,0.54,0.285,0.125,213,0
214,1654733545,22.77,55.5,19,401,12595,19681,939.795,0.12,0.24,0.51,0.27,0.119,214,0
215,1654733546,22.781,55.66,8,400,12601,19672,939.801,0.11,0.23,0.5,0.261,0.115,215,0
216,1654733547,22.793,55.84,10,400,12602,19683,939.791,0.11,0.22,0.46,0.24,0.106,216,0
217,1654733548,22.804,55.94,17,400,12601,19678,939.791,0.1,0.21,0.44,0.229,0.101,217,0
218,1654733549,22.815,56.1,13,400,12600,19677,939.788,0.09,0.19,0.39,0.207,0.091,218,0
219,1654733550,22.826,56.19,8,400,12601,19677,939.787,0.09,0.18,0.37,0.196,0.086,219,0
220,1654733551,22.837,56.29,4,400,12600,19672,939.795,0.08,0.16,0.33,0.174,0.077,220,0
221,1654733552,22.848,56.39,11,400,12608,19674,939.79,0.07,0.15,0.31,0.163,0.072,221,0
222,1654733553,22.859,56.51,20,400,12608,19669,939.784,0.06,0.13,0.27,0.144,0.063,222,0
223,1654733554,22.87,56.6,7,400,12608,19682,939.778,0.06,0.12,0.26,0.134,0.059,223,0
224,1654733555,22.881,56.71,8,400,12605,19673,939.786,0.05,0.11,0.22,0.117,0.052,224,0
225,1654733556,22.892,56.75,10,400,12610,19673,939.8,0.06,0.1,0.26,0.115,0.047,225,0
226,1654733557,22.904,56.85,10,400,12608,19674,939.79,0.06,0.11,0.28,0.121,0.049,226,0
227,1654733558,22.915,57.07,0,400,12628,19703,939.804,0.06,0.11,0.29,0.127,0.051,227,0
228,1654733559,22.926,56.85,0,400,12631,19709,939.808,0.06,0.11,0.29,0.127,0.051,228,0
229,1654733560,22.937,56.27,0,400,12636,19703,939.811,0.06,0.11,0.28,0.123,0.05,229,0
230,1654733561,22.947,55.58,0,400,12630,19701,939.812,0.06,0.11,0.28,0.121,0.049,230,0
231,1654733562,22.958,54.37,10,400,12629,19698,939.804,0.05,0.1,0.25,0.108,0.044,231,0
232,1654733563,22.969,53.86,10,400,12624,19699,939.807,0.05,0.09,0.23,0.099,0.04,232,0
233,1654733564,22.98,53.35,7,400,12632,19701,939.825,0.05,0.08,0.21,0.094,0.038,233,0
234,1654733565,22.991,52.9,4,400,12629,19697,939.82,0.04,0.08,0.19,0.084,0.034,234,0
235,1654733566,23.002,52.52,4,400,12630,19701,939.815,0.04,0.07,0.18,0.079,0.032,235,0
236,1654733567,23.013,52.15,3,400,12630,19712,939.804,0.05,0.08,0.24,0.092,0.034,236,0
237,1654733568,23.024,51.86,7,400,12628,19698,939.808,0.06,0.1,0.32,0.114,0.041,237,0
238,1654733569,23.035,51.58,2,400,12622,19693,939.807,0.07,0.12,0.36,0.131,0.047,238,0
239,1654733570,23.045,51.37,3,400,12626,19690,939.817,0.08,0.14,0.42,0.151,0.055,239,0
240,1654733571,23.056,51.11,1,400,12626,19698,939.81,0.08,0.14,0.43,0.156,0.056,240,0
241,1654733572,23.067,50.96,2,400,12631,19698,939.802,0.1,0.18,0.48,0.201,0.079,241,0
242,1654733573,23.078,50.77,0,400,12633,19706,939.814,0.1,0.19,0.51,0.209,0.082,242,0
243,1654733574,23.089,50.62,0,400,12630,19711,939.813,0.11,0.2,0.52,0.216,0.085,243,0
244,1654733575,23.099,50.44,0,400,12630,19708,939.807,0.11,0.2,0.52,0.215,0.085,244,0
245,1654733576,23.11,50.31,1,400,12633,19704,939.816,0.1,0.19,0.5,0.208,0.082,245,0
246,1654733577,23.121,50.19,12,400,12629,19689,939.808,0.1,0.18,0.49,0.203,0.08,246,0
247,1654733578,23.131,50.08,5,400,12633,19696,939.813,0.09,0.17,0.46,0.189,0.074,247,0
248,1654733579,23.142,50.0,0,400,12629,19704,939.79,0.1,0.17,0.49,0.189,0.072,248,0
249,1654733580,23.153,49.85,12,400,12630,19698,939.791,0.1,0.18,0.5,0.195,0.074,249,0
250,1654733581,23.163,49.71,11,400,12637,19710,939.812,0.1,0.17,0.49,0.192,0.073,250,0
251,1654733582,23.174,49.66,14,400,12635,19696,939.8,0.09,0.17,0.47,0.183,0.069,251,0
252,1654733583,23.185,49.6,0,400,12641,19707,939.808,0.09,0.16,0.46,0.177,0.067,252,0
253,1654733584,23.195,49.53,14,400,12630,19703,939.801,0.09,0.16,0.46,0.18,0.068,253,0
254,1654733585,23.206,49.45,1,400,12642,19698,939.805,0.09,0.17,0.47,0.185,0.07,254,0
255,1654733586,23.216,49.31,33,400,12616,19686,939.811,0.09,0.17,0.48,0.187,0.071,255,0
256,1654733587,23.227,49.97,37,400,12613,19678,939.817,0.09,0.16,0.45,0.176,0.067,256,0
257,1654733588,23.238,50.61,51,400,12609,19660,939.821,0.09,0.16,0.44,0.171,0.065,257,0
258,1654733589,23.248,51.19,44,400,12615,19674,939.827,0.09,0.16,0.49,0.175,0.062,258,0
259,1654733590,23.259,51.75,37,400,12622,19674,939.821,0.1,0.17,0.55,0.182,0.061,259,0
260,1654733591,23.269,52.63,40,400,12622,19679,939.825,0.11,0.19,0.62,0.204,0.068,260,0
261,1654733592,23.28,53.07,39,400,12624,19676,939.822,0.12,0.19,0.62,0.205,0.069,261,0
262,1654733593,23.29,53.48,34,400,12624,19685,939.816,0.11,0.18,0.61,0.201,0.067,262,0
263,1654733594,23.3,53.84,19,400,12623,19681,939.821,0.11,0.18,0.6,0.196,0.066,263,0
264,1654733595,23.311,54.17,31,400,12627,19676,939.804,0.11,0.19,0.58,0.21,0.076,264,0
265,1654733596,23.321,54.43,31,400,12632,19698,939.798,0.11,0.2,0.59,0.214,0.077,265,0
266,1654733597,23.332,54.71,12,400,12631,19698,939.807,0.11,0.2,0.59,0.214,0.077,266,0
267,1654733598,23.342,54.92,9,400,12633,19698,939.791,0.12,0.22,0.6,0.239,0.092,267,0
268,1654733599,23.353,55.14,15,400,12632,19697,939.802,0.13,0.23,0.63,0.25,0.096,268,0
269,1654733600,23.363,55.36,18,400,12636,19697,939.8,0.13,0.23,0.69,0.254,0.093,269,0
270,1654733601,23.373,55.55,22,400,12637,19694,939.797,0.15,0.26,0.82,0.284,0.099,270,0
271,1654733602,23.384,55.74,9,400,12639,19705,939.796,0.16,0.27,0.85,0.294,0.103,271,0
272,1654733603,23.394,55.89,18,400,12634,19701,939.789,0.16,0.27,0.87,0.301,0.105,272,0
273,1654733604,23.404,56.0,2,400,12640,19704,939.803,0.16,0.27,0.86,0.299,0.104,273,0
274,1654733605,23.414,56.17,11,400,12640,19697,939.794,0.16,0.27,0.85,0.295,0.103,274,0
275,1654733606,23.425,56.27,16,400,12640,19699,939.806,0.17,0.27,0.9,0.295,0.098,275,0
276,1654733607,23.435,56.37,5,400,12641,19699,939.799,0.17,0.27,0.9,0.294,0.098,276,0
277,1654733608,23.445,56.48,13,400,12641,19704,939.803,0.16,0.26,0.87,0.285,0.095,277,0
278,1654733609,23.455,56.57,2,400,12637,19695,939.793,0.16,0.25,0.85,0.278,0.093,278,0
279,1654733610,23.466,56.66,2,400,12645,19709,939.783,0.15,0.24,0.85,0.264,0.085,279,0
280,1654733611,23.476,56.77,13,400,12641,19701,939.784,0.16,0.25,0.9,0.272,0.084,280,0
281,1654733612,23.486,56.81,4,400,12646,19710,939.773,0.18,0.28,1.02,0.302,0.091,281,0
282,1654733613,23.496,56.85,6,400,12639,19698,939.767,0.19,0.29,1.05,0.31,0.094,282,0
283,1654733614,23.506,57.1,0,400,12662,19731,939.781,0.2,0.3,1.11,0.321,0.095,283,0
284,1654733615,23.516,56.91,0,400,12663,19717,939.784,0.2,0.3,1.14,0.327,0.097,284,0
285,1654733616,23.526,56.32,0,400,12674,19744,939.781,0.21,0.32,1.21,0.352,0.105,285,0
286,1654733617,23.537,55.64,0,400,12665,19728,939.779,0.22,0.33,1.23,0.356,0.106,286,0
287,1654733618,23.547,54.43,3,400,12664,19723,939.785,0.21,0.32,1.18,0.344,0.102,287,0
288,1654733619,23.557,53.91,10,400,12667,19725,939.773,0.2,0.31,1.15,0.335,0.099,288,0
289,1654733620,23.567,53.4,1,400,12662,19726,939.774,0.19,0.29,1.08,0.312,0.093,289,0
290,1654733621,23.577,52.96,9,400,12661,19719,939.773,0.18,0.28,1.03,0.299,0.089,290,0
291,1654733622,23.587,52.56,17,400,12661,19715,939.786,0.17,0.25,0.94,0.272,0.081,291,0
292,1654733623,23.597,52.25,10,400,12657,19717,939.795,0.16,0.24,0.89,0.259,0.077,292,0
293,1654733624,23.607,51.91,10,400,12664,19721,939.795,0.14,0.21,0.8,0.231,0.069,293,0
294,1654733625,23.617,51.63,7,400,12658,19712,939.806,0.13,0.2,0.75,0.218,0.065,294,0
295,1654733626,23.627,51.38,6,400,12666,19729,939.799,0.12,0.18,0.66,0.192,0.057,295,0
296,1654733627,23.637,51.16,13,400,12662,19718,939.785,0.11,0.17,0.62,0.18,0.054,296,0
297,1654733628,23.646,50.96,11,400,12669,19713,939.79,0.1,0.15,0.54,0.158,0.047,297,0
298,1654733629,23.656,50.8,13,400,12661,19714,939.784,0.09,0.14,0.51,0.147,0.044,298,0
299,1654733630,23.666,50.63,1,400,12665,19722,939.787,0.08,0.12,0.44,0.128,0.038,299,0
300,1654733631,23.676,50.51,2,400,12667,19729,939.789,0.07,0.11,0.41,0.119,0.035,300,0
301,1654733632,23.686,50.4,3,400,12668,19726,939.793,0.06,0.09,0.35,0.102,0.03,301,0
302,1654733633,23.696,50.17,10,400,12668,19728,939.788,0.06,0.09,0.35,0.098,0.028,302,0
303,1654733634,23.706,50.08,6,400,12665,19728,939.785,0.06,0.1,0.37,0.103,0.029,303,0
304,1654733635,23.716,49.88,4,400,12670,19728,939.791,0.06,0.09,0.36,0.101,0.029,304,0
305,1654733636,23.725,49.81,4,400,12672,19729,939.802,0.06,0.09,0.35,0.099,0.028,305,0
306,1654733637,23.735,49.74,9,400,12672,19729,939.794,0.06,0.09,0.33,0.093,0.026,306,0
307,1654733638,23.745,49.67,8,400,12670,19718,939.806,0.06,0.08,0.32,0.089,0.025,307,0
308,1654733639,23.755,49.61,7,400,12669,19721,939.798,0.05,0.08,0.31,0.085,0.024,308,0
309,1654733640,23.764,49.54,11,400,12668,19712,939.784,0.06,0.08,0.32,0.088,0.024,309,0
310,1654733641,23.774,49.35,35,400,12653,19696,939.782,0.06,0.09,0.35,0.093,0.026,310,0
311,1654733642,23.784,49.59,32,400,12648,19691,939.784,0.06,0.09,0.37,0.099,0.027,311,0
312,1654733643,23.793,50.13,39,400,12649,19694,939.781,0.06,0.09,0.37,0.099,0.027,312,0
313,1654733644,23.803,50.75,37,400,12647,19691,939.772,0.06,0.09,0.36,0.098,0.027,313,0
314,1654733645,23.813,51.3,33,400,12649,19701,939.786,0.06,0.09,0.35,0.096,0.026,314,0
315,1654733646,23.822,51.89,32,400,12651,19688,939.781,0.06,0.08,0.33,0.09,0.025,315,0
316,1654733647,23.832,52.39,31,400,12661,19703,939.779,0.05,0.08,0.32,0.086,0.024,316,0
317,1654733648,23.842,52.85,27,400,12659,19704,939.787,0.05,0.07,0.29,0.079,0.022,317,0
318,1654733649,23.851,53.25,31,400,12652,19698,939.787,0.06,0.08,0.33,0.085,0.022,318,0
319,1654733650,23.861,53.66,15,400,12664,19713,939.79,0.06,0.09,0.36,0.095,0.025,319,0
320,1654733651,23.87,53.99,12,400,12660,19701,939.781,0.06,0.09,0.37,0.097,0.025,320,0
321,1654733652,23.88,54.3,16,400,12665,19708,939.782,0.06,0.09,0.37,0.097,0.025,321,0
322,1654733653,23.89,54.58,31,400,12661,19706,939.782,0.06,0.09,0.36,0.096,0.025,322,0
323,1654733654,23.899,54.85,29,400,12664,19705,939.795,0.06,0.08,0.35,0.091,0.024,323,0
324,1654733655,23.909,55.04,17,400,12667,19717,939.786,0.06,0.08,0.34,0.088,0.023,324,0
325,1654733656,23.918,55.25,9,400,12671,19715,939.787,0.06,0.09,0.35,0.093,0.025,325,0
326,1654733657,23.928,55.5,21,400,12667,19707,939.784,0.06,0.09,0.37,0.099,0.026,326,0
327,1654733658,23.937,55.71,7,400,12676,19719,939.795,0.08,0.12,0.48,0.124,0.032,327,0
328,1654733659,23.946,55.83,17,400,12671,19709,939.784,0.09,0.12,0.51,0.132,0.034,328,0
329,1654733660,23.956,55.98,10,400,12669,19717,939.794,0.09,0.13,0.53,0.137,0.035,329,0
330,1654733661,23.965,56.13,18,400,12675,19709,939.79,0.09,0.13,0.54,0.14,0.036,330,0
331,1654733662,23.975,56.23,7,400,12674,19714,939.791,0.09,0.13,0.54,0.139,0.036,331,0
332,1654733663,23.984,56.37,7,400,12673,19715,939.791,0.09,0.12,0.52,0.134,0.035,332,0
333,1654733664,23.993,56.47,13,400,12680,19718,939.803,0.09,0.12,0.51,0.131,0.034,333,0
334,1654733665,24.003,56.57,9,400,12676,19719,939.81,0.09,0.13,0.56,0.14,0.035,334,0
335,1654733666,24.012,56.66,9,400,12674,19714,939.809,0.09,0.13,0.56,0.142,0.035,335,0
336,1654733667,24.021,56.76,6,400,12678,19710,939.808,0.09,0.13,0.56,0.141,0.035,336,0
337,1654733668,24.031,56.83,6,400,12681,19720,939.805,0.09,0.13,0.55,0.139,0.034,337,0
338,1654733669,24.04,56.9,15,400,12681,19721,939.805,0.09,0.12,0.52,0.131,0.033,338,0
339,1654733670,24.049,56.96,4,400,12679,19725,939.813,0.08,0.12,0.5,0.127,0.031,339,0
340,1654733671,24.059,57.2,0,400,12691,19740,939.814,0.09,0.12,0.51,0.126,0.03,340,0
341,1654733672,24.068,56.96,0,400,12697,19750,939.808,0.09,0.12,0.53,0.13,0.031,341,0
342,1654733673,24.077,56.37,0,400,12703,19747,939.816,0.09,0.12,0.53,0.131,0.032,342,0
343,1654733674,24.086,55.13,0,400,12698,19745,939.813,0.09,0.12,0.52,0.128,0.031,343,0
344,1654733675,24.095,54.47,5,400,12699,19752,939.812,0.08,0.11,0.49,0.121,0.029,344,0
345,1654733676,24.105,53.94,2,400,12701,19747,939.804,0.08,0.11,0.47,0.116,0.028,345,0
346,1654733677,24.114,53.43,11,400,12698,19738,939.81,0.07,0.1,0.43,0.107,0.026,346,0
347,1654733678,24.123,53.03,0,400,12700,19743,939.82,0.07,0.09,0.41,0.102,0.024,347,0
348,1654733679,24.132,52.6,0,400,12698,19750,939.825,0.07,0.09,0.42,0.101,0.024,348,0
349,1654733680,24.141,52.25,5,400,12698,19738,939.822,0.07,0.1,0.44,0.105,0.024,349,0
350,1654733681,24.15,51.92,0,400,12698,19749,939.825,0.07,0.1,0.45,0.108,0.025,350,0
351,1654733682,24.159,51.65,5,400,12704,19743,939.825,0.07,0.1,0.45,0.107,0.025,351,0
352,1654733683,24.169,51.26,6,400,12697,19746,939.824,0.08,0.1,0.47,0.11,0.025,352,0
353,1654733684,24.178,51.06,7,400,12702,19744,939.821,0.08,0.11,0.49,0.116,0.026,353,0
354,1654733685,24.187,50.88,12,400,12693,19739,939.827,0.08,0.11,0.51,0.12,0.027,354,0
355,1654733686,24.196,50.74,12,400,12700,19741,939.823,0.08,0.11,0.51,0.12,0.027,355,0
356,1654733687,24.205,50.58,12,400,12698,19740,939.818,0.08,0.11,0.49,0.117,0.026,356,0
357,1654733688,24.214,50.41,15,400,12696,19737,939.803,0.08,0.11,0.48,0.114,0.026,357,0
358,1654733689,24.223,50.31,13,400,12695,19745,939.799,0.07,0.1,0.45,0.106,0.024,358,0
359,1654733690,24.232,50.21,8,400,12705,19748,939.795,0.07,0.1,0.43,0.102,0.023,359,0
360,1654733691,24.241,50.08,10,400,12704,19749,939.805,0.06,0.09,0.39,0.093,0.021,360,0
361,1654733692,24.25,50.0,15,400,12696,19733,939.801,0.06,0.08,0.37,0.088,0.02,361,0
362,1654733693,24.259,49.86,19,400,12697,19733,939.805,0.07,0.09,0.42,0.098,0.021,362,0
363,1654733694,24.267,49.84,8,400,12703,19744,939.796,0.07,0.09,0.43,0.1,0.022,363,0
364,1654733695,24.276,49.76,17,400,12696,19736,939.796,0.07,0.09,0.43,0.1,0.022,364,0
365,1654733696,24.285,49.7,17,400,12699,19738,939.794,0.07,0.09,0.43,0.099,0.022,365,0
366,1654733697,24.294,49.62,7,400,12709,19746,939.796,0.07,0.09,0.41,0.095,0.021,366,0
367,1654733698,24.303,49.56,5,400,12703,19744,939.801,0.06,0.09,0.39,0.092,0.02,367,0
368,1654733699,24.312,49.41,35,400,12687,19719,939.801,0.06,0.08,0.36,0.085,0.018,368,0
369,1654733700,24.321,49.61,32,400,12682,19717,939.793,0.06,0.08,0.35,0.081,0.018,369,0
370,1654733701,24.329,50.14,50,400,12678,19702,939.803,0.05,0.07,0.31,0.073,0.016,370,0
371,1654733702,24.338,50.76,41,400,12684,19708,939.807,0.05,0.06,0.3,0.069,0.015,371,0
372,1654733703,24.347,51.4,33,400,12679,19712,939.806,0.04,0.06,0.26,0.062,0.013,372,0
373,1654733704,24.356,52.37,31,400,12687,19718,939.809,0.04,0.05,0.23,0.054,0.012,373,0
374,1654733705,24.365,52.86,36,400,12690,19721,939.809,0.03,0.04,0.2,0.048,0.01,374,0
375,1654733706,24.373,53.27,20,400,12690,19734,939.813,0.03,0.04,0.19,0.044,0.01,375,0
376,1654733707,24.382,53.64,22,400,12694,19728,939.82,0.03,0.04,0.17,0.039,0.008,376,0
377,1654733708,24.391,54.0,22,400,12695,19733,939.815,0.03,0.03,0.15,0.036,0.008,377,0
378,1654733709,24.399,54.34,18,400,12698,19724,939.815,0.02,0.03,0.13,0.031,0.007,378,0
379,1654733710,24.408,54.6,23,400,12695,19725,939.811,0.02,0.03,0.12,0.029,0.006,379,0
380,1654733711,24.417,54.81,30,400,12694,19724,939.82,0.04,0.05,0.25,0.057,0.012,380,0
381,1654733712,24.425,55.06,28,400,12697,19723,939.811,0.05,0.06,0.28,0.064,0.013,381,0
382,1654733713,24.434,55.27,16,400,12705,19735,939.806,0.05,0.07,0.31,0.071,0.015,382,0
383,1654733714,24.443,55.52,6,400,12702,19740,939.822,0.05,0.07,0.32,0.073,0.015,383,0
384,1654733715,24.451,55.67,0,400,12710,19742,939.839,0.05,0.07,0.32,0.074,0.016,384,0
385,1654733716,24.46,55.85,11,400,12703,19733,939.848,0.05,0.07,0.32,0.073,0.015,385,0
386,1654733717,24.468,55.98,23,400,12698,19737,939.843,0.05,0.07,0.31,0.071,0.015,386,0
387,1654733718,24.477,56.15,7,400,12711,19740,939.85,0.06,0.08,0.38,0.086,0.018,387,0
388,1654733719,24.485,56.23,10,400,12702,19733,939.842,0.06,0.08,0.4,0.09,0.018,388,0
389,1654733720,24.494,56.36,6,400,12712,19745,939.848,0.07,0.1,0.46,0.103,0.02,389,0
390,1654733721,24.503,56.46,11,400,12712,19732,939.849,0.08,0.1,0.5,0.111,0.022,390,0
391,1654733722,24.511,56.57,14,400,12706,19735,939.841,0.09,0.12,0.59,0.129,0.025,391,0
392,1654733723,24.52,56.67,11,400,12712,19744,939.843,0.1,0.13,0.63,0.139,0.027,392,0
393,1654733724,24.528,56.75,1,400,12707,19734,939.839,0.11,0.14,0.68,0.149,0.029,393,0
394,1654733725,24.536,56.82,12,400,12707,19745,939.847,0.11,0.14,0.69,0.151,0.029,394,0
395,1654733726,24.545,56.9,19,400,12714,19738,939.85,0.11,0.14,0.68,0.149,0.029,395,0
396,1654733727,24.553,56.97,15,400,12709,19734,939.842,0.11,0.15,0.71,0.16,0.033,396,0
397,1654733728,24.562,57.22,0,400,12725,19762,939.844,0.12,0.16,0.74,0.167,0.035,397,0
398,1654733729,24.57,56.97,0,400,12738,19773,939.846,0.12,0.16,0.74,0.167,0.035,398,0
399,1654733730,24.578,56.35,0,400,12734,19764,939.843,0.13,0.17,0.84,0.185,0.036,399,0
400,1654733731,24.587,55.68,0,400,12732,19772,939.843,0.15,0.2,0.97,0.211,0.041,400,0
401,1654733732,24.595,55.0,1,400,12731,19763,939.847,0.19,0.24,1.2,0.26,0.049,401,0
402,1654733733,24.604,54.41,7,400,12729,19772,939.846,0.2,0.26,1.27,0.274,0.052,402,0
403,1654733734,24.612,53.86,0,400,12737,19767,939.851,0.21,0.27,1.33,0.287,0.054,403,0
404,1654733735,24.62,53.34,8,400,12726,19762,939.837,0.21,0.27,1.33,0.287,0.054,404,0
405,1654733736,24.628,52.92,0,400,12725,19758,939.826,0.22,0.28,1.38,0.295,0.053,405,0
406,1654733737,24.637,52.55,8,400,12729,19759,939.836,0.23,0.29,1.43,0.303,0.054,406,0
407,1654733738,24.645,52.17,6,400,12728,19756,939.832,0.23,0.29,1.46,0.307,0.055,407,0
408,1654733739,24.653,51.9,6,400,12734,19762,939.831,0.24,0.31,1.52,0.331,0.063,408,0
409,1654733740,24.661,51.64,1,400,12733,19769,939.838,0.24,0.31,1.53,0.332,0.063,409,0
410,1654733741,24.67,51.38,13,400,12729,19755,939.837,0.25,0.32,1.59,0.341,0.064,410,0
411,1654733742,24.678,51.15,7,400,12733,19766,939.825,0.25,0.32,1.58,0.34,0.063,411,0
412,1654733743,24.686,50.98,12,400,12732,19765,939.834,0.24,0.31,1.53,0.329,0.061,412,0
413,1654733744,24.694,50.83,12,400,12735,19761,939.838,0.25,0.32,1.59,0.336,0.059,413,0
414,1654733745,24.702,50.65,7,400,12734,19756,939.83,0.26,0.33,1.68,0.35,0.06,414,0
415,1654733746,24.71,50.49,7,400,12729,19750,939.833,0.27,0.34,1.71,0.356,0.061,415,0
416,1654733747,24.719,50.37,3,400,12734,19758,939.833,0.27,0.33,1.7,0.354,0.061,416,0
417,1654733748,24.727,50.24,20,400,12729,19748,939.83,0.26,0.33,1.67,0.349,0.06,417,0
418,1654733749,24.735,50.13,13,400,12735,19763,939.83,0.25,0.31,1.58,0.33,0.057,418,0
419,1654733750,24.743,50.05,8,400,12730,19763,939.827,0.24,0.3,1.53,0.319,0.055,419,0
420,1654733751,24.751,49.98,14,400,12729,19752,939.834,0.23,0.28,1.46,0.302,0.051,420,0
421,1654733752,24.759,49.9,0,400,12736,19764,939.829,0.22,0.28,1.43,0.296,0.05,421,0
422,1654733753,24.767,49.82,3,400,12737,19765,939.822,0.21,0.26,1.35,0.28,0.047,422,0
423,1654733754,24.775,49.73,11,400,12734,19759,939.827,0.2,0.25,1.3,0.27,0.046,423,0
424,1654733755,24.783,49.67,15,400,12739,19763,939.829,0.2,0.25,1.28,0.264,0.044,424,0
425,1654733756,24.791,49.59,13,400,12731,19758,939.836,0.2,0.24,1.26,0.259,0.043,425,0
426,1654733757,24.799,49.53,10,400,12738,19755,939.838,0.19,0.24,1.22,0.252,0.042,426,0
427,1654733758,24.807,49.37,40,400,12715,19729,939.842,0.18,0.22,1.14,0.234,0.039,427,0
428,1654733759,24.815,49.64,44,400,12710,19727,939.842,0.17,0.21,1.09,0.225,0.037,428,0
429,1654733760,24.823,50.15,36,400,12711,19725,939.839,0.16,0.19,0.99,0.204,0.034,429,0
430,1654733761,24.831,50.81,29,400,12720,19731,939.844,0.15,0.18,0.94,0.194,0.032,430,0
431,1654733762,24.839,51.38,43,400,12714,19731,939.837,0.15,0.18,0.93,0.189,0.03,431,0
432,1654733763,24.847,51.89,33,400,12722,19737,939.852,0.14,0.18,0.91,0.185,0.03,432,0
433,1654733764,24.854,52.44,33,400,12722,19737,939.844,0.13,0.17,0.86,0.175,0.028,433,0
434,1654733765,24.862,52.9,26,400,12721,19739,939.848,0.13,0.16,0.83,0.168,0.027,434,0
435,1654733766,24.87,53.26,30,400,12724,19739,939.84,0.12,0.15,0.76,0.154,0.025,435,0
436,1654733767,24.878,53.68,14,400,12723,19740,939.834,0.11,0.14,0.72,0.147,0.024,436,0
437,1654733768,24.886,54.05,23,400,12723,19741,939.819,0.1,0.12,0.65,0.132,0.021,437,0
438,1654733769,24.894,54.33,17,400,12726,19748,939.827,0.1,0.12,0.61,0.125,0.02,438,0
439,1654733770,24.901,54.6,12,400,12735,19752,939.831,0.09,0.11,0.59,0.12,0.019,439,0
440,1654733771,24.909,54.84,24,400,12727,19748,939.831,0.09,0.11,0.6,0.121,0.019,440,0
441,1654733772,24.917,55.1,13,400,12731,19754,939.84,0.1,0.12,0.64,0.128,0.02,441,0
442,1654733773,24.925,55.32,13,400,12735,19756,939.836,0.1,0.13,0.66,0.133,0.021,442,0
443,1654733774,24.932,55.48,23,400,12736,19754,939.842,0.11,0.13,0.68,0.137,0.021,443,0
444,1654733775,24.94,55.67,11,400,12734,19755,939.85,0.11,0.13,0.68,0.137,0.021,444,0
445,1654733776,24.948,55.85,11,400,12738,19757,939.832,0.1,0.13,0.66,0.132,0.021,445,0
446,1654733777,24.956,56.0,11,400,12741,19757,939.83,0.1,0.12,0.64,0.129,0.02,446,0
447,1654733778,24.963,56.15,8,400,12740,19749,939.835,0.19,0.23,1.23,0.241,0.035,447,0
448,1654733779,24.971,56.29,12,400,12737,19750,939.842,0.25,0.31,1.65,0.323,0.047,448,0
449,1654733780,24.979,56.38,18,400,12738,19755,939.839,0.28,0.33,1.8,0.349,0.049,449,0
450,1654733781,24.986,56.46,13,400,12747,19764,939.824,0.29,0.35,1.9,0.369,0.051,450,0
451,1654733782,24.994,56.61,16,400,12745,19760,939.83,0.3,0.36,1.95,0.377,0.052,451,0
452,1654733783,25.001,56.66,14,400,12743,19754,939.834,0.3,0.36,1.97,0.381,0.052,452,0
453,1654733784,25.009,56.76,6,400,12741,19756,939.815,0.3,0.36,1.95,0.377,0.052,453,0
454,1654733785,25.016,56.85,8,400,12745,19758,939.818,0.29,0.34,1.87,0.361,0.05,454,0
455,1654733786,25.024,56.91,4,400,12744,19766,939.824,0.29,0.34,1.86,0.356,0.047,455,0
456,1654733787,25.032,57.0,7,400,12743,19752,939.841,0.28,0.33,1.8,0.343,0.045,456,0
457,1654733788,25.039,57.22,0,400,12759,19771,939.833,0.28,0.32,1.8,0.342,0.044,457,0
458,1654733789,25.047,56.93,0,400,12777,19795,939.818,0.27,0.32,1.8,0.339,0.042,458,0
459,1654733790,25.054,55.72,0,400,12771,19795,939.821,0.27,0.32,1.77,0.334,0.042,459,0
460,1654733791,25.062,55.07,0,400,12766,19779,939.817,0.27,0.32,1.78,0.334,0.041,460,0
461,1654733792,25.069,54.47,0,400,12770,19790,939.818,0.27,0.31,1.75,0.33,0.041,461,0
462,1654733793,25.077,53.91,9,400,12768,19784,939.841,0.25,0.3,1.67,0.314,0.039,462,0
463,1654733794,25.084,53.42,5,400,12773,19784,939.839,0.25,0.29,1.62,0.304,0.038,463,0
464,1654733795,25.091,52.94,0,400,12774,19797,939.843,0.23,0.27,1.49,0.28,0.035,464,0
465,1654733796,25.099,52.56,7,400,12770,19784,939.835,0.22,0.25,1.42,0.268,0.033,465,0
466,1654733797,25.106,52.26,6,400,12764,19784,939.829,0.2,0.23,1.29,0.242,0.03,466,0
467,1654733798,25.114,51.95,9,400,12768,19786,939.829,0.19,0.22,1.22,0.229,0.028,467,0
468,1654733799,25.121,51.68,13,400,12761,19780,939.82,0.17,0.19,1.08,0.204,0.025,468,0
469,1654733800,25.128,51.44,10,400,12766,19776,939.817,0.16,0.18,1.02,0.191,0.024,469,0
470,1654733801,25.136,51.23,13,400,12766,19781,939.818,0.15,0.18,0.98,0.184,0.023,470,0
471,1654733802,25.143,51.03,4,400,12772,19778,939.835,0.15,0.17,0.96,0.179,0.022,471,0
472,1654733803,25.15,50.85,11,400,12766,19774,939.838,0.14,0.16,0.89,0.167,0.02,472,0
473,1654733804,25.158,50.57,16,400,12764,19777,939.824,0.12,0.15,0.82,0.153,0.019,473,0
474,1654733805,25.165,50.45,12,400,12769,19779,939.827,0.11,0.13,0.74,0.138,0.017,474,0
475,1654733806,25.172,50.31,5,400,12769,19775,939.831,0.11,0.12,0.7,0.131,0.016,475,0
476,1654733807,25.179,50.19,9,400,12772,19786,939.834,0.11,0.13,0.71,0.132,0.016,476,0
477,1654733808,25.187,50.11,4,400,12769,19782,939.834,0.11,0.12,0.7,0.131,0.016,477,0
478,1654733809,25.194,50.02,8,400,12777,19790,939.828,0.1,0.12,0.67,0.126,0.015,478,0
479,1654733810,25.201,49.93,11,400,12773,19779,939.828,0.1,0.12,0.65,0.122,0.015,479,0
480,1654733811,25.208,49.84,0,400,12771,19783,939.83,0.13,0.15,0.86,0.159,0.019,480,0
481,1654733812,25.215,49.77,11,400,12772,19778,939.825,0.15,0.17,0.97,0.179,0.021,481,0
482,1654733813,25.223,49.64,9,400,12779,19792,939.812,0.17,0.19,1.1,0.204,0.024,482,0
483,1654733814,25.23,49.62,3,400,12780,19794,939.827,0.18,0.18,1.21,0.188,0.004,483,0
484,1654733815,25.237,49.44,27,400,12759,19763,939.826,0.18,0.19,1.26,0.197,0.004,484,0
485,1654733816,25.244,49.74,38,400,12754,19752,939.843,0.2,0.21,1.36,0.213,0.005,485,0
486,1654733817,25.251,50.26,37,400,12757,19752,939.841,0.25,0.26,1.72,0.268,0.006,486,0
487,1654733818,25.258,50.89,32,400,12753,19755,939.83,0.26,0.27,1.81,0.282,0.006,487,0
488,1654733819,25.265,51.46,37,400,12757,19759,939.835,0.27,0.28,1.89,0.294,0.007,488,0
489,1654733820,25.272,51.99,37,400,12754,19756,939.828,0.27,0.28,1.89,0.294,0.007,489,0
490,1654733821,25.279,52.52,32,400,12760,19763,939.834,0.28,0.29,1.93,0.3,0.007,490,0
491,1654733822,25.286,52.98,29,400,12764,19758,939.83,0.28,0.29,1.91,0.298,0.007,491,0
492,1654733823,25.293,53.44,27,400,12766,19762,939.814,0.27,0.28,1.84,0.287,0.006,492,0
493,1654733824,25.3,53.81,18,400,12766,19769,939.821,0.26,0.27,1.79,0.279,0.006,493,0
494,1654733825,25.307,54.17,17,400,12774,19773,939.817,0.25,0.26,1.75,0.273,0.006,494,0
495,1654733826,25.314,54.46,22,400,12772,19760,939.817,0.25,0.26,1.71,0.267,0.006,495,0
496,1654733827,25.321,54.76,19,400,12779,19779,939.815,0.25,0.26,1.7,0.265,0.006,496,0
497,1654733828,25.328,55.01,11,400,12776,19772,939.815,0.24,0.25,1.67,0.261,0.006,497,0
498,1654733829,25.335,55.23,21,400,12779,19773,939.835,0.24,0.25,1.67,0.261,0.006,498,0
499,1654733830,25.342,55.45,13,400,12781,19780,939.831,0.25,0.26,1.7,0.265,0.006,499,0
500,1654733831,25.349,55.66,19,400,12777,19774,939.829,0.26,0.27,1.79,0.279,0.006,500,0
501,1654733832,25.356,55.86,11,400,12776,19774,939.826,0.27,0.28,1.84,0.287,0.006,501,0
502,1654733833,25.363,56.01,8,400,12776,19779,939.835,0.28,0.31,1.88,0.326,0.027,502,0
503,1654733834,25.37,56.16,12,400,12780,19771,939.844,0.29,0.32,1.93,0.336,0.028,503,0
504,1654733835,25.376,56.28,8,400,12783,19782,939.837,0.29,0.32,1.93,0.335,0.028,504,0
505,1654733836,25.383,56.42,12,400,12781,19777,939.842,0.28,0.31,1.86,0.324,0.027,505,0
506,1654733837,25.39,56.56,18,400,12782,19771,939.845,0.27,0.3,1.81,0.315,0.026,506,0
507,1654733838,25.397,56.64,8,400,12789,19783,939.838,0.29,0.32,1.92,0.332,0.027,507,0
508,1654733839,25.404,56.76,0,400,12786,19790,939.827,0.29,0.32,1.95,0.338,0.027,508,0
509,1654733840,25.41,56.86,14,400,12781,19777,939.816,0.29,0.32,1.95,0.337,0.027,509,0
510,1654733841,25.417,56.96,17,400,12782,19776,939.823,0.29,0.33,1.97,0.34,0.027,510,0
511,1654733842,25.424,57.01,10,400,12788,19790,939.824,0.3,0.33,1.99,0.344,0.028,511,0
512,1654733843,25.431,57.09,15,400,12788,19782,939.823,0.31,0.35,2.09,0.36,0.028,512,0
513,1654733844,25.437,57.14,7,400,12791,19786,939.827,0.35,0.38,2.32,0.399,0.031,513,0
514,1654733845,25.444,57.39,0,400,12810,19806,939.829,0.36,0.39,2.4,0.412,0.032,514,0
515,1654733846,25.451,57.16,0,400,12809,19809,939.828,0.38,0.42,2.53,0.433,0.033,515,0
516,1654733847,25.457,56.51,0,400,12813,19817,939.827,0.38,0.42,2.54,0.435,0.033,516,0
517,1654733848,25.464,55.84,0,400,12813,19807,939.831,0.37,0.41,2.48,0.426,0.033,517,0
518,1654733849,25.471,55.2,0,400,12809,19808,939.825,0.36,0.4,2.42,0.416,0.032,518,0
519,1654733850,25.477,54.57,3,400,12808,19804,939.83,0.34,0.37,2.27,0.39,0.03,519,0
520,1654733851,25.484,54.0,2,400,12812,19807,939.825,0.33,0.36,2.19,0.375,0.029,520,0
521,1654733852,25.491,53.51,5,400,12816,19809,939.816,0.3,0.33,2.0,0.343,0.026,521,0
522,1654733853,25.497,53.1,8,400,12805,19804,939.817,0.28,0.31,1.9,0.326,0.025,522,0
523,1654733854,25.504,52.7,12,400,12808,19801,939.82,0.27,0.3,1.8,0.309,0.024,523,0
524,1654733855,25.51,52.38,7,400,12807,19798,939.829,0.24,0.26,1.61,0.276,0.021,524,0
525,1654733856,25.517,52.07,11,400,12809,19805,939.85,0.23,0.25,1.51,0.26,0.02,525,0
526,1654733857,25.523,51.83,15,400,12807,19798,939.852,0.21,0.22,1.46,0.228,0.005,526,0
527,1654733858,25.53,51.57,18,400,12807,19804,939.847,0.21,0.22,1.46,0.228,0.005,527,0
528,1654733859,25.536,51.35,1,400,12809,19807,939.842,0.21,0.21,1.41,0.22,0.005,528,0
529,1654733860,25.543,51.18,6,400,12812,19798,939.832,0.2,0.21,1.37,0.214,0.005,529,0
530,1654733861,25.549,51.01,0,400,12809,19813,939.838,0.19,0.19,1.28,0.2,0.005,530,0
531,1654733862,25.556,50.86,0,400,12814,19818,939.832,0.18,0.19,1.23,0.191,0.004,531,0
532,1654733863,25.562,50.68,5,400,12810,19809,939.829,0.16,0.17,1.12,0.174,0.004,532,0
533,1654733864,25.569,50.59,15,400,12805,19800,939.833,0.15,0.16,1.06,0.165,0.004,533,0
534,1654733865,25.575,50.49,3,400,12813,19809,939.825,0.15,0.16,0.98,0.168,0.013,534,0
535,1654733866,25.582,50.39,12,400,12812,19803,939.818,0.14,0.16,0.96,0.166,0.013,535,0
536,1654733867,25.588,50.23,14,400,12814,19808,939.821,0.14,0.15,0.92,0.158,0.012,536,0
537,1654733868,25.594,50.15,11,400,12812,19809,939.821,0.15,0.15,1.01,0.157,0.004,537,0
538,1654733869,25.601,50.12,13,400,12816,19803,939.812,0.18,0.19,1.23,0.192,0.004,538,0
539,1654733870,25.607,50.0,12,400,12814,19802,939.817,0.2,0.21,1.36,0.213,0.005,539,0
540,1654733871,25.613,49.98,10,400,12817,19799,939.809,0.23,0.24,1.62,0.252,0.006,540,0
541,1654733872,25.62,49.89,11,400,12813,19802,939.804,0.24,0.25,1.69,0.263,0.006,541,0
542,1654733873,25.626,49.81,9,400,12810,19796,939.808,0.25,0.26,1.72,0.269,0.006,542,0
543,1654733874,25.632,49.74,12,400,12812,19802,939.816,0.26,0.27,1.78,0.278,0.006,543,0
544,1654733875,25.639,49.6,31,400,12801,19782,939.819,0.26,0.27,1.8,0.281,0.006,544,0
545,1654733876,25.645,49.86,30,400,12796,19786,939.824,0.26,0.27,1.78,0.277,0.006,545,0
546,1654733877,25.651,50.41,39,400,12795,19778,939.823,0.25,0.26,1.74,0.272,0.006,546,0
547,1654733878,25.657,51.04,34,400,12799,19786,939.82,0.24,0.25,1.65,0.257,0.006,547,0
548,1654733879,25.664,51.64,24,400,12801,19784,939.824,0.23,0.24,1.59,0.247,0.006,548,0
549,1654733880,25.67,52.17,26,400,12797,19779,939.823,0.21,0.22,1.45,0.227,0.005,549,0
550,1654733881,25.676,52.71,29,400,12802,19779,939.816,0.2,0.21,1.38,0.216,0.005,550,0
551,1654733882,25.682,53.2,34,400,12805,19794,939.824,0.18,0.19,1.25,0.194,0.004,551,0
552,1654733883,25.688,53.6,25,400,12805,19791,939.836,0.17,0.18,1.18,0.183,0.004,552,0
553,1654733884,25.694,53.98,17,400,12806,19797,939.83,0.15,0.16,1.04,0.163,0.004,553,0
554,1654733885,25.701,54.32,28,400,12807,19786,939.833,0.14,0.15,0.98,0.153,0.003,554,0
555,1654733886,25.707,54.64,18,400,12814,19797,939.827,0.12,0.13,0.86,0.134,0.003,555,0
556,1654733887,25.713,54.91,22,400,12814,19799,939.829,0.12,0.13,0.85,0.133,0.003,556,0
557,1654733888,25.719,55.54,16,400,12814,19797,939.828,0.12,0.12,0.82,0.128,0.003,557,0
558,1654733889,25.725,55.77,9,400,12819,19801,939.832,0.12,0.13,0.83,0.13,0.003,558,0
559,1654733890,25.731,55.97,18,400,12818,19799,939.838,0.12,0.12,0.83,0.129,0.003,559,0
560,1654733891,25.737,56.11,6,400,12823,19806,939.835,0.12,0.12,0.79,0.124,0.003,560,0
561,1654733892,25.743,56.24,1,400,12818,19807,939.835,0.11,0.12,0.77,0.12,0.003,561,0
562,1654733893,25.749,56.39,16,400,12815,19798,939.835,0.12,0.13,0.79,0.133,0.009,562,0
563,1654733894,25.755,56.55,16,400,12825,19807,939.835,0.12,0.13,0.79,0.134,0.009,563,0
564,1654733895,25.761,56.65,10,400,12823,19800,939.835,0.11,0.12,0.77,0.13,0.009,564,0
565,1654733896,25.767,56.75,1,400,12825,19811,939.835,0.11,0.12,0.75,0.127,0.009,565,0
566,1654733897,25.773,56.93,8,400,12820,19810,939.825,0.25,0.27,1.71,0.285,0.018,566,0
567,1654733898,25.779,57.02,0,400,12822,19807,939.832,0.33,0.36,2.22,0.37,0.023,567,0
568,1654733899,25.785,57.24,6,400,12825,19805,939.828,0.41,0.45,2.8,0.467,0.028,568,0
569,1654733900,25.791,57.44,0,400,12841,19838,939.83,0.43,0.46,2.89,0.482,0.029,569,0
570,1654733901,25.797,57.21,0,400,12853,19832,939.839,0.43,0.46,2.89,0.481,0.029,570,0
571,1654733902,25.803,56.63,0,400,12843,19826,939.839,0.41,0.45,2.79,0.465,0.028,571,0
572,1654733903,25.809,55.88,0,400,12849,19836,939.83,0.4,0.44,2.72,0.453,0.027,572,0
573,1654733904,25.815,55.23,2,400,12844,19827,939.83,0.37,0.41,2.53,0.422,0.026,573,0
574,1654733905,25.82,54.63,2,400,12844,19826,939.838,0.36,0.39,2.43,0.405,0.025,574,0
575,1654733906,25.826,54.06,0,400,12847,19835,939.844,0.33,0.35,2.21,0.368,0.022,575,0
576,1654733907,25.832,53.56,4,400,12853,19840,939.843,0.31,0.34,2.1,0.349,0.021,576,0
577,1654733908,25.838,53.13,9,400,12839,19824,939.832,0.29,0.32,1.98,0.329,0.02,577,0
578,1654733909,25.844,52.74,14,400,12840,19822,939.839,0.29,0.31,2.03,0.316,0.007,578,0
579,1654733910,25.85,52.4,16,400,12837,19814,939.832,0.29,0.3,2.0,0.312,0.007,579,0
580,1654733911,25.855,52.13,3,400,12849,19830,939.831,0.29,0.3,1.97,0.307,0.007,580,0
581,1654733912,25.861,51.84,0,400,12849,19830,939.827,0.28,0.31,1.92,0.321,0.02,581,0
582,1654733913,25.867,51.64,2,400,12841,19819,939.827,0.28,0.3,1.88,0.315,0.02,582,0
583,1654733914,25.873,51.42,11,400,12843,19813,939.843,0.27,0.3,1.84,0.308,0.019,583,0
584,1654733915,25.878,51.06,13,400,12842,19818,939.837,0.24,0.27,1.65,0.276,0.017,584,0
585,1654733916,25.884,50.93,8,400,12845,19824,939.833,0.22,0.24,1.5,0.252,0.016,585,0
586,1654733917,25.89,50.78,14,400,12841,19814,939.823,0.21,0.23,1.43,0.239,0.015,586,0
587,1654733918,25.895,50.63,9,400,12841,19821,939.825,0.2,0.21,1.39,0.217,0.005,587,0
588,1654733919,25.901,50.5,4,400,12848,19830,939.824,0.2,0.2,1.35,0.21,0.005,588,0
589,1654733920,25.907,50.43,13,400,12850,19818,939.825,0.18,0.19,1.25,0.195,0.004,589,0
590,1654733921,25.912,50.36,9,400,12843,19820,939.838,0.17,0.18,1.2,0.186,0.004,590,0
591,1654733922,25.918,50.25,1,400,12853,19826,939.834,0.16,0.17,1.13,0.177,0.004,591,0
592,1654733923,25.923,50.14,2,400,12850,19823,939.831,0.16,0.17,1.12,0.174,0.004,592,0
593,1654733924,25.929,50.07,4,400,12849,19824,939.839,0.17,0.17,1.15,0.179,0.004,593,0
594,1654733925,25.935,50.0,13,400,12854,19833,939.833,0.17,0.17,1.15,0.18,0.004,594,0
595,1654733926,25.94,49.94,3,400,12848,19822,939.835,0.17,0.19,1.17,0.195,0.012,595,0
596,1654733927,25.946,49.85,0,400,12852,19824,939.834,0.18,0.2,1.24,0.207,0.013,596,0
597,1654733928,25.951,49.83,11,400,12851,19829,939.824,0.19,0.2,1.27,0.212,0.013,597,0
598,1654733929,25.957,50.37,37,400,12829,19792,939.818,0.2,0.21,1.38,0.216,0.005,598,0
599,1654733930,25.962,50.95,32,400,12834,19812,939.828,0.2,0.2,1.35,0.211,0.005,599,0
600,1654733931,25.968,51.57,24,400,12832,19803,939.836,0.19,0.2,1.32,0.206,0.005,600,0
601,1654733932,25.973,52.62,39,400,12834,19797,939.856,0.19,0.21,1.3,0.217,0.014,601,0
602,1654733933,25.979,53.08,26,400,12841,19808,939.85,0.18,0.2,1.24,0.208,0.013,602,0
603,1654733934,25.984,53.51,25,400,12839,19808,939.845,0.18,0.19,1.2,0.201,0.013,603,0
604,1654733935,25.99,53.94,28,400,12842,19814,939.842,0.16,0.18,1.11,0.186,0.012,604,0
605,1654733936,25.995,54.57,16,400,12852,19820,939.842,0.15,0.16,1.01,0.169,0.011,605,0
606,1654733937,26.001,54.85,11,400,12847,19818,939.843,0.13,0.15,0.91,0.152,0.01,606,0
607,1654733938,26.006,55.12,17,400,12847,19813,939.828,0.13,0.14,0.86,0.144,0.009,607,0
608,1654733939,26.011,55.39,15,400,12851,19829,939.832,0.11,0.12,0.76,0.127,0.008,608,0
609,1654733940,26.017,55.63,18,400,12847,19819,939.836,0.11,0.11,0.71,0.12,0.008,609,0
610,1654733941,26.022,55.81,17,400,12846,19811,939.837,0.1,0.1,0.69,0.107,0.002,610,0
611,1654733942,26.027,56.03,22,400,12847,19819,939.838,0.1,0.1,0.69,0.107,0.002,611,0
612,1654733943,26.033,56.16,3,400,12855,19824,939.836,0.12,0.13,0.8,0.133,0.008,612,0
613,1654733944,26.038,56.36,0,400,12854,19822,939.844,0.13,0.14,0.92,0.143,0.003,613,0
614,1654733945,26.043,56.49,6,400,12853,19825,939.845,0.15,0.16,1.05,0.163,0.004,614,0
615,1654733946,26.049,56.61,8,400,12855,19824,939.841,0.16,0.16,1.08,0.168,0.004,615,0
616,1654733947,26.054,56.7,11,400,12858,19827,939.84,0.17,0.18,1.13,0.189,0.012,616,0
617,1654733948,26.059,56.83,10,400,12854,19827,939.839,0.17,0.19,1.16,0.194,0.012,617,0
618,1654733949,26.064,56.95,0,400,12852,19816,939.839,0.19,0.19,1.28,0.2,0.005,618,0
619,1654733950,26.07,57.04,11,400,12857,19826,939.847,0.19,0.2,1.3,0.203,0.005,619,0
620,1654733951,26.075,57.15,10,400,12855,19817,939.838,0.19,0.2,1.3,0.203,0.005,620,0
621,1654733952,26.08,57.23,10,400,12859,19826,939.845,0.21,0.22,1.45,0.227,0.005,621,0
622,1654733953,26.085,57.28,3,400,12864,19829,939.838,0.22,0.22,1.49,0.232,0.005,622,0
623,1654733954,26.09,57.35,7,400,12864,19833,939.841,0.22,0.23,1.5,0.233,0.005,623,0
624,1654733955,26.096,57.59,0,400,12879,19842,939.851,0.21,0.22,1.48,0.23,0.005,624,0
625,1654733956,26.101,57.34,0,400,12888,19849,939.856,0.2,0.21,1.41,0.22,0.005,625,0
626,1654733957,26.106,56.7,0,400,12881,19856,939.861,0.2,0.21,1.36,0.213,0.005,626,0
627,1654733958,26.111,56.01,0,400,12883,19847,939.856,0.19,0.2,1.31,0.204,0.005,627,0
628,1654733959,26.116,55.31,0,400,12886,19862,939.852,0.2,0.2,1.35,0.21,0.005,628,0
629,1654733960,26.121,54.71,3,400,12877,19853,939.848,0.21,0.22,1.45,0.226,0.005,629,0
630,1654733961,26.126,54.18,1,400,12883,19853,939.836,0.22,0.23,1.52,0.237,0.005,630,0
631,1654733962,26.131,53.71,10,400,12882,19845,939.833,0.23,0.24,1.58,0.246,0.006,631,0
632,1654733963,26.137,53.23,1,400,12887,19855,939.844,0.23,0.24,1.58,0.246,0.006,632,0
633,1654733964,26.142,52.85,6,400,12881,19850,939.839,0.24,0.25,1.67,0.261,0.006,633,0
634,1654733965,26.147,52.5,7,400,12882,19848,939.834,0.25,0.26,1.71,0.266,0.006,634,0
635,1654733966,26.152,52.18,0,400,12885,19856,939.831,0.25,0.26,1.71,0.266,0.006,635,0
636,1654733967,26.157,51.97,11,400,12876,19842,939.841,0.25,0.26,1.73,0.27,0.006,636,0
637,1654733968,26.162,51.72,9,400,12881,19846,939.838,0.25,0.26,1.72,0.269,0.006,637,0
638,1654733969,26.167,51.48,10,400,12876,19843,939.844,0.25,0.26,1.7,0.264,0.006,638,0
639,1654733970,26.172,51.33,6,400,12871,19844,939.835,0.23,0.24,1.61,0.251,0.006,639,0
640,1654733971,26.176,51.17,8,400,12878,19842,939.835,0.23,0.23,1.55,0.242,0.005,640,0
641,1654733972,26.181,51.04,3,400,12883,19848,939.821,0.22,0.23,1.54,0.24,0.005,641,0
642,1654733973,26.186,50.86,11,400,12880,19842,939.805,0.24,0.25,1.63,0.254,0.006,642,0
643,1654733974,26.191,50.71,10,400,12879,19845,939.809,0.25,0.26,1.71,0.266,0.006,643,0
644,1654733975,26.196,50.59,0,400,12885,19859,939.81,0.26,0.27,1.78,0.278,0.006,644,0
645,1654733976,26.201,50.52,8,400,12883,19840,939.813,0.27,0.28,1.88,0.293,0.007,645,0
646,1654733977,26.206,50.41,3,400,12889,19852,939.819,0.29,0.3,1.98,0.308,0.007,646,0
647,1654733978,26.211,50.32,10,400,12879,19843,939.813,0.29,0.3,1.98,0.309,0.007,647,0
648,1654733979,26.216,50.28,11,400,12880,19850,939.817,0.31,0.32,2.12,0.331,0.007,648,0
649,1654733980,26.22,50.17,10,400,12884,19843,939.818,0.31,0.32,2.14,0.334,0.008,649,0
650,1654733981,26.225,50.12,4,400,12881,19851,939.812,0.31,0.32,2.11,0.329,0.007,650,0
651,1654733982,26.23,50.04,7,400,12886,19845,939.814,0.31,0.32,2.12,0.33,0.007,651,0
652,1654733983,26.235,49.99,1,400,12886,19845,939.805,0.3,0.31,2.07,0.323,0.007,652,0
653,1654733984,26.24,49.93,0,400,12889,19856,939.802,0.3,0.31,2.08,0.324,0.007,653,0
654,1654733985,26.244,49.78,29,400,12868,19824,939.795,0.3,0.31,2.08,0.324,0.007,654,0
655,1654733986,26.249,50.02,34,400,12865,19817,939.798,0.31,0.32,2.12,0.33,0.007,655,0
656,1654733987,26.254,50.6,32,400,12868,19820,939.81,0.31,0.32,2.12,0.331,0.007,656,0
657,1654733988,26.259,51.19,24,400,12872,19825,939.81,0.3,0.32,2.09,0.326,0.007,657,0
658,1654733989,26.263,51.8,33,400,12868,19818,939.812,0.29,0.3,1.99,0.311,0.007,658,0
659,1654733990,26.268,52.39,29,400,12870,19825,939.81,0.28,0.29,1.93,0.3,0.007,659,0
660,1654733991,26.273,52.9,29,400,12871,19819,939.806,0.26,0.27,1.78,0.277,0.006,660,0
661,1654733992,26.277,53.36,19,400,12877,19835,939.803,0.25,0.26,1.7,0.264,0.006,661,0
662,1654733993,26.282,53.76,20,400,12878,19836,939.792,0.24,0.25,1.66,0.26,0.006,662,0
663,1654733994,26.287,54.15,22,400,12880,19840,939.795,0.23,0.24,1.57,0.245,0.006,663,0
664,1654733995,26.291,54.51,18,400,12882,19848,939.795,0.22,0.23,1.52,0.237,0.005,664,0
665,1654733996,26.296,54.79,20,400,12880,19833,939.794,0.21,0.22,1.44,0.225,0.005,665,0
666,1654733997,26.3,55.1,7,400,12890,19841,939.804,0.21,0.21,1.42,0.221,0.005,666,0
667,1654733998,26.305,55.35,26,400,12882,19831,939.797,0.21,0.22,1.43,0.224,0.005,667,0
668,1654733999,26.31,55.59,14,400,12887,19841,939.801,0.21,0.22,1.47,0.229,0.005,668,0
669,1654734000,26.314,55.77,11,400,12888,19851,939.798,0.22,0.22,1.48,0.231,0.005,669,0
670,1654734001,26.319,56.0,2,400,12885,19844,939.788,0.21,0.22,1.46,0.228,0.005,670,0
671,1654734002,26.323,56.17,15,400,12881,19829,939.792,0.22,0.22,1.49,0.232,0.005,671,0
672,1654734003,26.328,56.33,6,400,12892,19848,939.793,0.21,0.22,1.48,0.23,0.005,672,0
673,1654734004,26.332,56.43,15,400,12882,19837,939.793,0.21,0.22,1.47,0.229,0.005,673,0
674,1654734005,26.337,56.57,19,400,12884,19832,939.79,0.22,0.23,1.52,0.237,0.005,674,0
675,1654734006,26.341,56.73,13,400,12885,19840,939.788,0.23,0.23,1.55,0.242,0.005,675,0
676,1654734007,26.346,56.81,15,400,12886,19839,939.79,0.22,0.23,1.54,0.24,0.005,676,0
677,1654734008,26.35,56.95,13,400,12891,19843,939.784,0.21,0.22,1.48,0.23,0.005,677,0
678,1654734009,26.355,57.0,6,400,12891,19850,939.788,0.21,0.22,1.43,0.224,0.005,678,0
679,1654734010,26.359,57.08,11,400,12895,19843,939.791,0.19,0.2,1.33,0.208,0.005,679,0
680,1654734011,26.363,57.2,4,400,12896,19855,939.785,0.19,0.19,1.27,0.199,0.004,680,0
681,1654734012,26.368,57.26,0,400,12894,19842,939.782,0.18,0.19,1.25,0.195,0.004,681,0
682,1654734013,26.372,57.33,7,400,12892,19852,939.773,0.18,0.18,1.22,0.19,0.004,682,0
683,1654734014,26.377,57.39,12,400,12894,19846,939.781,0.17,0.18,1.18,0.185,0.004,683,0
684,1654734015,26.381,57.58,0,400,12910,19873,939.788,0.17,0.17,1.15,0.18,0.004,684,0
685,1654734016,26.385,57.32,0,400,12910,19877,939.787,0.17,0.17,1.15,0.179,0.004,685,0
686,1654734017,26.39,56.72,0,400,12920,19881,939.797,0.16,0.17,1.11,0.172,0.004,686,0
687,1654734018,26.394,55.99,0,400,12916,19872,939.798,0.16,0.17,1.13,0.176,0.004,687,0
688,1654734019,26.398,55.3,6,400,12910,19874,939.796,0.16,0.17,1.12,0.175,0.004,688,0
689,1654734020,26.402,54.7,0,400,12922,19879,939.793,0.16,0.17,1.11,0.173,0.004,689,0
690,1654734021,26.407,54.12,2,400,12912,19865,939.788,0.17,0.17,1.14,0.178,0.004,690,0
691,1654734022,26.411,53.66,5,400,12906,19856,939.783,0.17,0.17,1.14,0.178,0.004,691,0
692,1654734023,26.415,53.2,3,400,12910,19864,939.793,0.16,0.17,1.1,0.172,0.004,692,0
693,1654734024,26.419,52.8,1,400,12917,19867,939.789,0.16,0.16,1.07,0.167,0.004,693,0
694,1654734025,26.424,52.46,0,400,12916,19866,939.79,0.15,0.15,1.0,0.156,0.004,694,0
695,1654734026,26.428,52.19,8,400,12915,19861,939.796,0.14,0.14,0.96,0.15,0.003,695,0
696,1654734027,26.432,51.94,7,400,12918,19864,939.789,0.13,0.13,0.87,0.136,0.003,696,0
697,1654734028,26.436,51.72,15,400,12908,19852,939.786,0.12,0.13,0.83,0.129,0.003,697,0
698,1654734029,26.44,51.47,11,400,12914,19858,939.79,0.12,0.13,0.83,0.13,0.003,698,0
699,1654734030,26.445,51.28,17,400,12910,19856,939.778,0.12,0.12,0.82,0.128,0.003,699,0
700,1654734031,26.449,51.16,17,400,12913,19859,939.781,0.11,0.12,0.78,0.122,0.003,700,0
701,1654734032,26.453,50.99,11,400,12915,19864,939.783,0.11,0.11,0.76,0.118,0.003,701,0
702,1654734033,26.457,50.88,22,400,12915,19863,939.787,0.12,0.12,0.79,0.123,0.003,702,0
703,1654734034,26.461,50.75,0,400,12917,19872,939.789,0.13,0.14,0.93,0.145,0.003,703,0
704,1654734035,26.465,50.61,4,400,12920,19869,939.79,0.15,0.15,1.01,0.158,0.004,704,0
705,1654734036,26.469,50.5,11,400,12918,19863,939.78,0.17,0.18,1.2,0.187,0.004,705,0
706,1654734037,26.473,50.4,5,400,12917,19873,939.783,0.2,0.21,1.39,0.217,0.005,706,0
707,1654734038,26.477,50.34,5,400,12919,19872,939.785,0.23,0.24,1.59,0.248,0.006,707,0
708,1654734039,26.481,50.29,14,400,12919,19871,939.772,0.25,0.26,1.69,0.264,0.006,708,0
709,1654734040,26.485,50.17,12,400,12916,19864,939.774,0.26,0.27,1.79,0.279,0.006,709,0
710,1654734041,26.489,50.1,9,400,12919,19863,939.783,0.26,0.27,1.8,0.28,0.006,710,0
711,1654734042,26.493,50.08,13,400,12920,19868,939.785,0.27,0.28,1.85,0.289,0.007,711,0
712,1654734043,26.497,50.0,7,400,12919,19871,939.778,0.27,0.28,1.85,0.288,0.007,712,0
713,1654734044,26.501,49.96,1,400,12925,19872,939.772,0.27,0.28,1.88,0.293,0.007,713,0
714,1654734045,26.505,49.8,21,400,12910,19855,939.766,0.27,0.28,1.86,0.29,0.007,714,0
715,1654734046,26.509,50.04,18,400,12901,19849,939.783,0.27,0.28,1.84,0.286,0.006,715,0
716,1654734047,26.513,50.65,45,400,12892,19836,939.795,0.27,0.28,1.87,0.292,0.007,716,0
717,1654734048,26.517,51.26,26,400,12908,19845,939.8,0.27,0.28,1.88,0.293,0.007,717,0
718,1654734049,26.521,51.9,28,400,12903,19842,939.801,0.27,0.28,1.85,0.289,0.007,718,0
719,1654734050,26.525,52.43,28,400,12907,19839,939.783,0.27,0.28,1.85,0.289,0.007,719,0
720,1654734051,26.529,52.96,25,400,12906,19852,939.78,0.27,0.28,1.83,0.285,0.006,720,0
721,1654734052,26.533,53.43,21,400,12914,19857,939.779,0.25,0.26,1.74,0.271,0.006,721,0
722,1654734053,26.537,53.87,11,400,12916,19869,939.78,0.25,0.26,1.73,0.27,0.006,722,0
723,1654734054,26.54,54.19,9,400,12916,19859,939.773,0.26,0.27,1.77,0.275,0.006,723,0
724,1654734055,26.544,54.56,14,400,12916,19860,939.767,0.26,0.27,1.8,0.281,0.006,724,0
725,1654734056,26.548,54.9,22,400,12910,19859,939.767,0.28,0.29,1.92,0.299,0.007,725,0
726,1654734057,26.552,55.13,16,400,12916,19862,939.76,0.3,0.31,2.08,0.325,0.007,726,0
727,1654734058,26.556,55.43,17,400,12920,19864,939.746,0.31,0.32,2.13,0.333,0.008,727,0
728,1654734059,26.559,55.66,4,400,12921,19858,939.745,0.31,0.32,2.15,0.336,0.008,728,0
729,1654734060,26.563,55.88,11,400,12919,19857,939.742,0.31,0.32,2.13,0.332,0.007,729,0
730,1654734061,26.567,56.04,23,400,12916,19857,939.758,0.31,0.32,2.12,0.331,0.007,730,0
731,1654734062,26.571,56.24,4,400,12920,19874,939.76,0.3,0.32,2.09,0.326,0.007,731,0
732,1654734063,26.574,56.38,20,400,12922,19857,939.755,0.3,0.31,2.08,0.324,0.007,732,0
733,1654734064,26.578,56.54,13,400,12921,19856,939.741,0.3,0.31,2.04,0.318,0.007,733,0
734,1654734065,26.582,56.67,21,400,12924,19863,939.747,0.29,0.31,2.03,0.316,0.007,734,0
735,1654734066,26.585,56.79,6,400,12917,19860,939.745,0.29,0.3,1.99,0.31,0.007,735,0
736,1654734067,26.589,56.9,10,400,12921,19860,939.751,0.29,0.3,1.98,0.309,0.007,736,0
737,1654734068,26.593,56.99,4,400,12927,19870,939.748,0.29,0.3,2.0,0.312,0.007,737,0
738,1654734069,26.596,57.08,9,400,12923,19868,939.752,0.3,0.31,2.06,0.321,0.007,738,0
739,1654734070,26.6,57.17,11,400,12920,19856,939.753,0.3,0.31,2.05,0.32,0.007,739,0
740,1654734071,26.604,57.24,10,400,12932,19873,939.756,0.29,0.3,1.98,0.309,0.007,740,0
741,1654734072,26.607,57.33,11,400,12930,19867,939.767,0.28,0.29,1.92,0.3,0.007,741,0
742,1654734073,26.611,57.37,14,400,12921,19860,939.77,0.27,0.28,1.88,0.294,0.007,742,0
743,1654734074,26.614,57.46,6,400,12922,19865,939.769,0.27,0.28,1.84,0.287,0.006,743,0
744,1654734075,26.618,57.68,0,400,12938,19890,939.775,0.26,0.27,1.78,0.277,0.006,744,0
745,1654734076,26.622,57.38,0,400,12954,19906,939.774,0.25,0.26,1.75,0.273,0.006,745,0
746,1654734077,26.625,56.77,0,400,12947,19894,939.775,0.25,0.26,1.72,0.268,0.006,746,0
747,1654734078,26.629,56.06,0,400,12945,19891,939.766,0.23,0.24,1.61,0.251,0.006,747,0
748,1654734079,26.632,55.33,0,400,12950,19893,939.753,0.23,0.23,1.55,0.242,0.005,748,0
749,1654734080,26.636,54.68,0,400,12951,19895,939.761,0.22,0.23,1.52,0.237,0.005,749,0
750,1654734081,26.639,54.17,8,400,12946,19895,939.76,0.23,0.24,1.58,0.247,0.006,750,0
751,1654734082,26.643,53.65,6,400,12946,19888,939.768,0.25,0.26,1.72,0.269,0.006,751,0
752,1654734083,26.646,53.22,0,400,12954,19899,939.774,0.25,0.26,1.75,0.273,0.006,752,0
753,1654734084,26.65,52.86,5,400,12940,19886,939.776,0.27,0.28,1.83,0.286,0.006,753,0
754,1654734085,26.653,52.51,3,400,12946,19888,939.761,0.27,0.28,1.83,0.286,0.006,754,0
755,1654734086,26.656,52.23,0,400,12951,19892,939.768,0.26,0.27,1.79,0.279,0.006,755,0
756,1654734087,26.66,51.9,6,400,12936,19892,939.77,0.25,0.26,1.74,0.272,0.006,756,0
757,1654734088,26.663,51.71,14,400,12944,19882,939.776,0.24,0.25,1.63,0.255,0.006,757,0
758,1654734089,26.667,51.49,15,400,12945,19887,939.773,0.24,0.24,1.62,0.253,0.006,758,0
759,1654734090,26.67,51.34,12,400,12946,19885,939.768,0.24,0.25,1.66,0.258,0.006,759,0
760,1654734091,26.673,51.15,15,400,12948,19885,939.755,0.25,0.26,1.69,0.264,0.006,760,0
761,1654734092,26.677,51.05,19,400,12942,19889,939.751,0.25,0.26,1.75,0.273,0.006,761,0
762,1654734093,26.68,50.88,16,400,12944,19885,939.753,0.26,0.27,1.82,0.283,0.006,762,0
763,1654734094,26.683,50.76,14,400,12949,19885,939.75,0.27,0.28,1.87,0.291,0.007,763,0
764,1654734095,26.687,50.68,6,400,12947,19897,939.75,0.27,0.28,1.86,0.29,0.007,764,0
765,1654734096,26.69,50.54,17,400,12947,19886,939.757,0.26,0.27,1.79,0.279,0.006,765,0
766,1654734097,26.693,50.47,11,400,12953,19890,939.754,0.25,0.26,1.74,0.272,0.006,766,0
767,1654734098,26.696,50.39,19,400,12950,19885,939.766,0.24,0.24,1.62,0.253,0.006,767,0
768,1654734099,26.7,50.39,14,400,12948,19888,939.768,0.23,0.23,1.55,0.242,0.005,768,0
769,1654734100,26.703,50.3,7,400,12951,19889,939.778,0.22,0.22,1.48,0.231,0.005,769,0
770,1654734101,26.706,50.19,6,400,12950,19885,939.759,0.19,0.2,1.34,0.209,0.005,770,0
771,1654734102,26.709,50.14,11,400,12950,19889,939.755,0.19,0.2,1.32,0.205,0.005,771,0
772,1654734103,26.713,50.11,8,400,12955,19889,939.765,0.22,0.22,1.49,0.232,0.005,772,0
773,1654734104,26.716,50.04,1,400,12952,19899,939.77,0.22,0.23,1.55,0.241,0.005,773,0
774,1654734105,26.719,49.87,26,400,12932,19870,939.775,0.24,0.25,1.65,0.257,0.006,774,0
775,1654734106,26.722,50.16,28,400,12931,19872,939.765,0.24,0.25,1.68,0.262,0.006,775,0
776,1654734107,26.725,50.75,19,400,12940,19877,939.753,0.27,0.28,1.83,0.285,0.006,776,0
777,1654734108,26.728,51.38,30,400,12938,19878,939.76,0.27,0.28,1.88,0.293,0.007,777,0
778,1654734109,26.732,52.0,36,400,12935,19866,939.759,0.28,0.29,1.9,0.296,0.007,778,0
779,1654734110,26.735,52.56,16,400,12942,19881,939.754,0.27,0.28,1.88,0.293,0.007,779,0
780,1654734111,26.738,53.12,17,400,12948,19874,939.759,0.27,0.28,1.85,0.288,0.007,780,0
781,1654734112,26.741,53.56,21,400,12941,19872,939.761,0.27,0.28,1.83,0.286,0.006,781,0
782,1654734113,26.744,54.03,18,400,12946,19872,939.762,0.26,0.27,1.76,0.274,0.006,782,0
783,1654734114,26.747,54.39,20,400,12948,19882,939.766,0.25,0.26,1.71,0.266,0.006,783,0
784,1654734115,26.75,54.99,23,400,12948,19882,939.779,0.22,0.23,1.51,0.236,0.005,784,0
785,1654734116,26.753,55.27,27,400,12943,19872,939.774,0.22,0.23,1.5,0.233,0.005,785,0
786,1654734117,26.756,55.57,10,400,12950,19881,939.774,0.21,0.22,1.43,0.222,0.005,786,0
787,1654734118,26.759,55.84,13,400,12945,19875,939.773,0.2,0.21,1.38,0.215,0.005,787,0
788,1654734119,26.762,56.02,10,400,12955,19882,939.776,0.19,0.19,1.27,0.199,0.004,788,0
789,1654734120,26.765,56.2,14,400,12951,19882,939.791,0.18,0.18,1.22,0.19,0.004,789,0
790,1654734121,26.768,56.37,10,400,12954,19893,939.79,0.16,0.17,1.1,0.171,0.004,790,0
791,1654734122,26.771,56.53,8,400,12949,19883,939.804,0.15,0.16,1.04,0.162,0.004,791,0
792,1654734123,26.774,56.67,6,400,12960,19890,939.794,0.13,0.14,0.93,0.144,0.003,792,0
793,1654734124,26.777,56.81,12,400,12951,19881,939.792,0.13,0.14,0.92,0.144,0.003,793,0
794,1654734125,26.78,56.92,15,400,12953,19885,939.799,0.13,0.13,0.89,0.139,0.003,794,0
795,1654734126,26.783,57.06,8,400,12957,19889,939.789,0.13,0.14,0.92,0.143,0.003,795,0
796,1654734127,26.786,57.22,8,400,12959,19897,939.788,0.13,0.14,0.92,0.143,0.003,796,0
797,1654734128,26.788,57.36,0,400,12956,19898,939.784,0.14,0.14,0.95,0.149,0.003,797,0
798,1654734129,26.791,57.45,10,400,12957,19886,939.786,0.14,0.15,0.98,0.153,0.003,798,0
799,1654734130,26.794,57.53,11,400,12957,19896,939.784,0.14,0.15,0.97,0.152,0.003,799,0
800,1654734131,26.797,57.6,9,400,12954,19895,939.793,0.16,0.16,1.08,0.169,0.004,800,0
801,1654734132,26.8,57.67,8,400,12955,19893,939.792,0.16,0.17,1.13,0.176,0.004,801,0
802,1654734133,26.803,57.86,0,400,12978,19913,939.792,0.17,0.18,1.16,0.181,0.004,802,0
803,1654734134,26.805,57.57,0,400,12985,19920,939.793,0.17,0.18,1.16,0.181,0.004,803,0
804,1654734135,26.808,56.93,0,400,12983,19926,939.793,0.17,0.18,1.17,0.183,0.004,804,0
805,1654734136,26.811,56.19,0,400,12980,19923,939.795,0.17,0.18,1.18,0.185,0.004,805,0
806,1654734137,26.814,55.5,0,400,12975,19918,939.794,0.17,0.18,1.17,0.182,0.004,806,0
807,1654734138,26.817,54.88,0,400,12978,19924,939.789,0.17,0.17,1.14,0.178,0.004,807,0
808,1654734139,26.819,54.28,0,400,12977,19914,939.783,0.16,0.16,1.08,0.168,0.004,808,0
809,1654734140,26.822,53.84,0,400,12977,19914,939.78,0.15,0.16,1.04,0.162,0.004,809,0
810,1654734141,26.825,53.4,0,400,12979,19915,939.797,0.15,0.15,1.0,0.156,0.004,810,0
811,1654734142,26.827,53.0,0,400,12981,19921,939.808,0.14,0.15,1.0,0.156,0.004,811,0
812,1654734143,26.83,52.69,1,400,12971,19908,939.806,0.15,0.16,1.05,0.164,0.004,812,0
813,1654734144,26.833,52.38,0,400,12974,19900,939.811,0.15,0.16,1.06,0.165,0.004,813,0
814,1654734145,26.836,52.12,0,400,12981,19909,939.8,0.15,0.16,1.05,0.164,0.004,814,0
815,1654734146,26.838,51.85,6,400,12967,19900,939.806,0.15,0.15,1.02,0.158,0.004,815,0
816,1654734147,26.841,51.69,7,400,12974,19903,939.798,0.14,0.15,0.99,0.154,0.003,816,0
817,1654734148,26.843,51.54,10,400,12974,19906,939.804,0.13,0.14,0.92,0.143,0.003,817,0
818,1654734149,26.846,51.33,0,400,12975,19910,939.799,0.13,0.13,0.88,0.137,0.003,818,0
819,1654734150,26.849,51.21,0,400,12977,19908,939.788,0.12,0.12,0.8,0.124,0.003,819,0
820,1654734151,26.851,51.08,0,400,12981,19922,939.791,0.11,0.11,0.76,0.118,0.003,820,0
821,1654734152,26.854,50.96,0,400,12983,19911,939.798,0.1,0.1,0.68,0.105,0.002,821,0
822,1654734153,26.856,50.84,0,400,12977,19909,939.791,0.09,0.1,0.64,0.099,0.002,822,0
823,1654734154,26.859,50.74,0,400,12978,19913,939.786,0.08,0.08,0.56,0.087,0.002,823,0
824,1654734155,26.861,50.62,8,400,12972,19902,939.778,0.08,0.09,0.58,0.09,0.002,824,0
825,1654734156,26.864,50.59,5,400,12975,19908,939.788,0.1,0.1,0.67,0.105,0.002,825,0
826,1654734157,26.867,50.48,7,400,12979,19911,939.783,0.1,0.11,0.7,0.109,0.002,826,0
827,1654734158,26.869,50.34,5,400,12980,19920,939.767,0.1,0.11,0.72,0.112,0.003,827,0
828,1654734159,26.871,50.26,7,400,12981,19907,939.764,0.1,0.11,0.71,0.11,0.002,828,0
829,1654734160,26.874,50.2,6,400,12980,19910,939.774,0.11,0.12,0.76,0.119,0.003,829,0
830,1654734161,26.876,50.18,7,400,12975,19906,939.783,0.11,0.12,0.77,0.12,0.003,830,0
831,1654734162,26.879,49.97,12,400,12969,19897,939.779,0.12,0.13,0.86,0.134,0.003,831,0
832,1654734163,26.881,50.3,34,400,12960,19882,939.786,0.13,0.13,0.88,0.136,0.003,832,0
833,1654734164,26.884,50.91,33,400,12956,19888,939.788,0.14,0.15,0.97,0.151,0.003,833,0
834,1654734165,26.886,51.51,27,400,12961,19881,939.793,0.14,0.15,0.99,0.154,0.003,834,0
835,1654734166,26.889,52.14,28,400,12962,19879,939.788,0.16,0.16,1.08,0.169,0.004,835,0
836,1654734167,26.891,52.67,26,400,12965,19885,939.775,0.16,0.17,1.1,0.172,0.004,836,0
837,1654734168,26.893,53.2,23,400,12964,19888,939.774,0.17,0.18,1.19,0.186,0.004,837,0
838,1654734169,26.896,53.67,28,400,12968,19892,939.774,0.18,0.18,1.2,0.188,0.004,838,0
839,1654734170,26.898,54.11,14,400,12973,19906,939.778,0.17,0.18,1.19,0.186,0.004,839,0
840,1654734171,26.9,54.51,16,400,12969,19900,939.767,0.17,0.18,1.17,0.183,0.004,840,0
841,1654734172,26.903,54.8,15,400,12973,19899,939.776,0.16,0.17,1.11,0.172,0.004,841,0
842,1654734173,26.905,55.13,20,400,12966,19889,939.778,0.17,0.18,1.17,0.182,0.004,842,0
843,1654734174,26.907,55.4,9,400,12977,19906,939.784,0.18,0.19,1.23,0.191,0.004,843,0
844,1654734175,26.91,55.6,10,400,12975,19904,939.796,0.19,0.19,1.28,0.2,0.005,844,0
845,1654734176,26.912,55.88,12,400,12974,19900,939.784,0.19,0.2,1.31,0.205,0.005,845,0
846,1654734177,26.914,56.11,4,400,12977,19905,939.776,0.2,0.21,1.37,0.214,0.005,846,0
847,1654734178,26.916,56.26,8,400,12976,19904,939.773,0.21,0.22,1.45,0.226,0.005,847,0
848,1654734179,26.919,56.42,3,400,12976,19906,939.762,0.22,0.23,1.52,0.237,0.005,848,0
849,1654734180,26.921,56.56,13,400,12981,19908,939.769,0.23,0.24,1.57,0.245,0.006,849,0
850,1654734181,26.923,56.71,14,400,12973,19893,939.771,0.27,0.28,1.84,0.288,0.006,850,0
851,1654734182,26.925,56.87,12,400,12972,19899,939.766,0.28,0.29,1.94,0.302,0.007,851,0
852,1654734183,26.927,56.95,9,400,12977,19900,939.766,0.3,0.31,2.07,0.323,0.007,852,0
853,1654734184,26.93,57.07,0,400,12981,19909,939.768,0.31,0.33,2.17,0.338,0.008,853,0
854,1654734185,26.932,57.15,13,400,12979,19906,939.769,0.33,0.35,2.29,0.358,0.008,854,0
855,1654734186,26.934,57.27,1,400,12983,19906,939.767,0.34,0.35,2.33,0.363,0.008,855,0
856,1654734187,26.936,57.35,14,400,12979,19901,939.764,0.34,0.35,2.32,0.361,0.008,856,0
857,1654734188,26.938,57.44,14,400,12980,19904,939.766,0.33,0.34,2.28,0.355,0.008,857,0
858,1654734189,26.94,57.51,10,400,12979,19905,939.755,0.33,0.34,2.25,0.351,0.008,858,0
859,1654734190,26.942,57.83,0,400,13000,19934,939.76,0.36,0.38,2.5,0.389,0.009,859,0
860,1654734191,26.945,57.5,0,400,13006,19932,939.754,0.37,0.39,2.57,0.4,0.009,860,0
861,1654734192,26.947,56.85,0,400,13007,19942,939.746,0.38,0.4,2.65,0.413,0.009,861,0
862,1654734193,26.949,55.53,0,400,13006,19936,939.756,0.38,0.4,2.65,0.413,0.009,862,0
863,1654734194,26.951,54.87,0,400,13005,19925,939.754,0.37,0.38,2.55,0.398,0.009,863,0
864,1654734195,26.953,54.29,0,400,12996,19925,939.745,0.36,0.37,2.48,0.386,0.009,864,0
865,1654734196,26.955,53.4,0,400,13003,19934,939.746,0.36,0.37,2.46,0.383,0.009,865,0
866,1654734197,26.957,53.03,0,400,13001,19926,939.742,0.34,0.35,2.34,0.365,0.008,866,0
867,1654734198,26.959,52.67,2,400,12998,19931,939.738,0.33,0.34,2.26,0.353,0.008,867,0
868,1654734199,26.961,52.32,0,400,12995,19936,939.742,0.3,0.32,2.09,0.326,0.007,868,0
869,1654734200,26.963,52.06,1,400,12997,19927,939.739,0.3,0.31,2.04,0.319,0.007,869,0
870,1654734201,26.965,51.85,3,400,12995,19926,939.748,0.28,0.29,1.93,0.3,0.007,870,0
871,1654734202,26.967,51.65,4,400,12995,19925,939.719,0.27,0.28,1.85,0.289,0.007,871,0
872,1654734203,26.969,51.43,7,400,12991,19918,939.711,0.26,0.27,1.78,0.277,0.006,872,0
873,1654734204,26.971,51.31,1,400,12993,19918,939.713,0.23,0.24,1.62,0.252,0.006,873,0
874,1654734205,26.972,51.14,0,400,12994,19914,939.72,0.22,0.23,1.53,0.239,0.005,874,0
875,1654734206,26.974,51.01,1,400,13001,19923,939.729,0.2,0.21,1.37,0.214,0.005,875,0
876,1654734207,26.976,50.86,4,400,12993,19916,939.745,0.19,0.19,1.29,0.201,0.005,876,0
877,1654734208,26.978,50.76,0,400,13000,19927,939.75,0.17,0.17,1.14,0.178,0.004,877,0
878,1654734209,26.98,50.62,0,400,12999,19917,939.755,0.16,0.17,1.12,0.174,0.004,878,0
879,1654734210,26.982,50.52,0,400,12998,19919,939.746,0.15,0.16,1.06,0.165,0.004,879,0
880,1654734211,26.984,50.46,12,400,12995,19914,939.748,0.15,0.15,1.02,0.159,0.004,880,0
881,1654734212,26.985,50.39,8,400,13002,19916,939.752,0.14,0.15,0.99,0.154,0.003,881,0
882,1654734213,26.987,50.33,7,400,12994,19916,939.755,0.14,0.15,0.98,0.153,0.003,882,0
883,1654734214,26.989,50.25,11,400,12997,19912,939.761,0.14,0.14,0.95,0.148,0.003,883,0
884,1654734215,26.991,50.17,4,400,13002,19919,939.766,0.13,0.14,0.93,0.144,0.003,884,0
885,1654734216,26.993,50.13,9,400,13002,19912,939.763,0.14,0.14,0.95,0.149,0.003,885,0
886,1654734217,26.994,50.06,4,400,13002,19920,939.77,0.14,0.14,0.95,0.148,0.003,886,0
887,1654734218,26.996,49.9,26,400,12978,19893,939.76,0.15,0.15,1.01,0.158,0.004,887,0
888,1654734219,26.998,50.16,43,400,12978,19888,939.748,0.15,0.15,1.02,0.159,0.004,888,0
889,1654734220,27.0,50.78,26,400,12984,19894,939.76,0.15,0.15,1.0,0.156,0.004,889,0
890,1654734221,27.001,51.42,26,400,12980,19900,939.765,0.14,0.15,0.98,0.153,0.003,890,0
891,1654734222,27.003,51.98,32,400,12977,19894,939.756,0.15,0.15,1.01,0.158,0.004,891,0
892,1654734223,27.005,52.58,27,400,12993,19906,939.756,0.15,0.15,1.01,0.158,0.004,892,0
893,1654734224,27.006,53.13,29,400,12986,19896,939.748,0.15,0.16,1.05,0.164,0.004,893,0
894,1654734225,27.008,53.59,16,400,12994,19905,939.748,0.16,0.16,1.08,0.168,0.004,894,0
895,1654734226,27.01,53.99,24,400,12989,19907,939.762,0.16,0.16,1.07,0.167,0.004,895,0
896,1654734227,27.011,54.39,28,400,12989,19902,939.771,0.15,0.16,1.03,0.161,0.004,896,0
897,1654734228,27.013,54.68,26,400,12988,19904,939.773,0.15,0.16,1.06,0.165,0.004,897,0
898,1654734229,27.015,55.0,18,400,12986,19906,939.755,0.15,0.16,1.06,0.165,0.004,898,0
899,1654734230,27.016,55.28,26,400,12991,19902,939.764,0.15,0.16,1.04,0.163,0.004,899,0
900,1654734231,27.018,55.48,7,400,12999,19917,939.765,0.15,0.16,1.05,0.163,0.004,900,0
901,1654734232,27.019,55.78,11,400,12999,19916,939.761,0.16,0.17,1.1,0.172,0.004,901,0
902,1654734233,27.021,55.95,10,400,13003,19919,939.756,0.17,0.18,1.16,0.181,0.004,902,0
903,1654734234,27.023,56.16,3,400,12998,19915,939.762,0.17,0.18,1.16,0.181,0.004,903,0
904,1654734235,27.024,56.29,15,400,12994,19909,939.767,0.18,0.19,1.23,0.191,0.004,904,0
905,1654734236,27.026,56.44,4,400,13002,19915,939.764,0.18,0.19,1.23,0.192,0.004,905,0
906,1654734237,27.027,56.56,9,400,12998,19920,939.773,0.18,0.18,1.21,0.188,0.004,906,0
907,1654734238,27.029,56.84,17,400,13000,19901,939.779,0.15,0.16,1.06,0.166,0.004,907,0
908,1654734239,27.03,56.97,11,400,12998,19912,939.78,0.15,0.15,1.02,0.159,0.004,908,0
909,1654734240,27.032,57.11,4,400,13000,19921,939.77,0.13,0.14,0.93,0.145,0.003,909,0
910,1654734241,27.033,57.22,10,400,12999,19914,939.763,0.13,0.14,0.92,0.144,0.003,910,0
911,1654734242,27.035,57.28,9,400,13000,19913,939.761,0.14,0.14,0.94,0.146,0.003,911,0
912,1654734243,27.036,57.4,5,400,12996,19911,939.752,0.14,0.14,0.95,0.148,0.003,912,0
913,1654734244,27.038,57.41,15,400,13000,19911,939.75,0.14,0.14,0.95,0.148,0.003,913,0
914,1654734245,27.039,57.65,0,400,13017,19941,939.753,0.14,0.14,0.93,0.145,0.003,914,0
915,1654734246,27.04,57.34,0,400,13034,19958,939.75,0.13,0.13,0.88,0.138,0.003,915,0
916,1654734247,27.042,56.64,0,400,13026,19950,939.765,0.12,0.13,0.85,0.133,0.003,916,0
917,1654734248,27.043,55.86,0,400,13019,19946,939.765,0.11,0.12,0.78,0.122,0.003,917,0
918,1654734249,27.045,55.21,0,400,13015,19939,939.768,0.11,0.11,0.75,0.117,0.003,918,0
919,1654734250,27.046,54.57,0,400,13018,19943,939.761,0.1,0.1,0.67,0.105,0.002,919,0
920,1654734251,27.047,54.0,0,400,13015,19944,939.759,0.1,0.1,0.69,0.107,0.002,920,0
921,1654734252,27.049,53.5,0,400,13020,19941,939.765,0.21,0.22,1.48,0.231,0.005,921,0
922,1654734253,27.05,53.1,0,400,13021,19937,939.757,0.27,0.28,1.83,0.286,0.006,922,0
923,1654734254,27.051,52.72,10,400,13011,19924,939.752,0.3,0.31,2.07,0.323,0.007,923,0
924,1654734255,27.053,52.36,3,400,13020,19934,939.751,0.3,0.32,2.09,0.326,0.007,924,0
925,1654734256,27.054,52.07,0,400,13015,19930,939.746,0.3,0.31,2.05,0.32,0.007,925,0
926,1654734257,27.055,51.82,0,400,13022,19939,939.748,0.29,0.3,2.01,0.313,0.007,926,0
927,1654734258,27.056,51.59,0,400,13017,19930,939.761,0.27,0.29,1.89,0.295,0.007,927,0
928,1654734259,27.058,51.39,3,400,13020,19934,939.757,0.26,0.27,1.82,0.284,0.006,928,0
929,1654734260,27.059,51.24,0,400,13019,19934,939.754,0.25,0.26,1.74,0.272,0.006,929,0
930,1654734261,27.06,51.05,3,400,13006,19926,939.749,0.23,0.24,1.58,0.247,0.006,930,0
931,1654734262,27.061,50.9,7,400,13007,19922,939.749,0.22,0.23,1.5,0.234,0.005,931,0
932,1654734263,27.063,50.65,0,400,13024,19932,939.753,0.18,0.19,1.26,0.197,0.004,932,0
933,1654734264,27.064,50.53,0,400,13015,19933,939.755,0.16,0.17,1.11,0.174,0.004,933,0
934,1654734265,27.065,50.46,8,400,13009,19932,939.751,0.15,0.16,1.04,0.163,0.004,934,0
935,1654734266,27.066,50.35,1,400,13012,19930,939.759,0.14,0.15,0.96,0.15,0.003,935,0
936,1654734267,27.067,50.26,2,400,13022,19938,939.763,0.19,0.2,1.33,0.208,0.005,936,0
937,1654734268,27.068,50.17,5,400,13015,19926,939.764,0.25,0.26,1.73,0.27,0.006,937,0
938,1654734269,27.07,50.1,0,400,13019,19949,939.759,0.28,0.29,1.91,0.298,0.007,938,0
939,1654734270,27.071,50.03,8,400,13015,19926,939.755,0.3,0.31,2.09,0.325,0.007,939,0
940,1654734271,27.072,49.97,7,400,13013,19925,939.755,0.31,0.32,2.12,0.33,0.007,940,0
941,1654734272,27.073,49.92,2,400,13017,19933,939.745,0.31,0.32,2.12,0.331,0.007,941,0
942,1654734273,27.074,49.89,11,400,13018,19929,939.745,0.3,0.31,2.07,0.322,0.007,942,0
943,1654734274,27.075,49.66,27,400,12999,19908,939.754,0.29,0.3,2.02,0.315,0.007,943,0
944,1654734275,27.076,49.97,33,400,12999,19906,939.749,0.27,0.29,1.89,0.295,0.007,944,0
945,1654734276,27.077,50.61,38,400,12991,19892,939.74,0.26,0.27,1.81,0.283,0.006,945,0
946,1654734277,27.078,51.28,31,400,12997,19906,939.746,0.24,0.25,1.66,0.258,0.006,946,0
947,1654734278,27.079,51.87,37,400,12996,19899,939.746,0.23,0.24,1.57,0.245,0.006,947,0
948,1654734279,27.08,52.47,24,400,12993,19909,939.742,0.21,0.22,1.46,0.228,0.005,948,0
949,1654734280,27.081,52.96,31,400,13006,19907,939.745,0.21,0.21,1.42,0.222,0.005,949,0
950,1654734281,27.082,53.43,25,400,13005,19914,939.75,0.19,0.2,1.32,0.207,0.005,950,0
951,1654734282,27.083,54.17,21,400,13003,19907,939.764,0.17,0.17,1.15,0.18,0.004,951,0
952,1654734283,27.084,54.52,18,400,13008,19911,939.762,0.17,0.17,1.15,0.179,0.004,952,0
953,1654734284,27.085,54.82,19,400,13009,19911,939.756,0.16,0.17,1.13,0.176,0.004,953,0
954,1654734285,27.086,55.07,13,400,13014,19919,939.741,0.17,0.18,1.16,0.181,0.004,954,0
955,1654734286,27.087,55.54,14,400,13015,19923,939.742,0.16,0.17,1.12,0.175,0.004,955,0
956,1654734287,27.088,55.75,17,400,13010,19924,939.741,0.16,0.16,1.09,0.17,0.004,956,0
957,1654734288,27.089,55.94,19,400,13010,19919,939.742,0.15,0.15,1.02,0.158,0.004,957,0
958,1654734289,27.09,56.08,18,400,13012,19914,939.739,0.14,0.15,0.97,0.152,0.003,958,0
959,1654734290,27.091,56.23,18,400,13013,19919,939.735,0.13,0.13,0.89,0.138,0.003,959,0
960,1654734291,27.091,56.38,14,400,13009,19923,939.744,0.12,0.13,0.84,0.131,0.003,960,0
961,1654734292,27.092,56.51,16,400,13011,19922,939.749,0.13,0.13,0.89,0.139,0.003,961,0
962,1654734293,27.093,56.59,20,400,13013,19922,939.753,0.13,0.14,0.92,0.144,0.003,962,0
963,1654734294,27.094,56.72,13,400,13015,19929,939.758,0.14,0.14,0.94,0.147,0.003,963,0
964,1654734295,27.095,56.82,7,400,13018,19924,939.761,0.14,0.14,0.93,0.145,0.003,964,0
965,1654734296,27.096,56.92,20,400,13013,19925,939.754,0.14,0.15,0.97,0.151,0.003,965,0
966,1654734297,27.096,57.02,21,400,13012,19925,939.745,0.14,0.15,0.99,0.155,0.003,966,0
967,1654734298,27.097,57.13,13,400,13021,19927,939.74,0.14,0.15,0.99,0.154,0.003,967,0
968,1654734299,27.098,57.18,9,400,13016,19923,939.746,0.14,0.14,0.95,0.149,0.003,968,0
969,1654734300,27.099,57.23,16,400,13016,19922,939.748,0.13,0.14,0.93,0.144,0.003,969,0
970,1654734301,27.1,57.31,7,400,13018,19916,939.742,0.13,0.13,0.86,0.134,0.003,970,0
971,1654734302,27.1,57.52,0,400,13034,19948,939.754,0.12,0.12,0.83,0.129,0.003,971,0
972,1654734303,27.101,57.17,0,400,13038,19951,939.755,0.12,0.12,0.8,0.125,0.003,972,0
973,1654734304,27.102,56.53,0,400,13039,19953,939.762,0.12,0.12,0.8,0.125,0.003,973,0
974,1654734305,27.102,55.78,0,400,13047,19956,939.768,0.12,0.13,0.83,0.13,0.003,974,0
975,1654734306,27.103,55.05,0,400,13036,19952,939.771,0.12,0.13,0.86,0.134,0.003,975,0
976,1654734307,27.104,54.42,0,400,13035,19940,939.754,0.13,0.13,0.87,0.135,0.003,976,0
977,1654734308,27.104,53.85,0,400,13034,19932,939.751,0.12,0.13,0.86,0.134,0.003,977,0
978,1654734309,27.105,53.41,0,400,13038,19943,939.75,0.13,0.14,0.91,0.142,0.003,978,0
979,1654734310,27.106,52.96,0,400,13038,19957,939.768,0.14,0.15,0.97,0.151,0.003,979,0
980,1654734311,27.106,52.59,3,400,13030,19946,939.756,0.15,0.15,1.03,0.16,0.004,980,0
981,1654734312,27.107,52.27,0,400,13033,19952,939.745,0.15,0.16,1.03,0.161,0.004,981,0
982,1654734313,27.108,51.97,5,400,13030,19946,939.749,0.15,0.15,1.01,0.158,0.004,982,0
983,1654734314,27.108,51.73,12,400,13024,19933,939.766,0.14,0.15,0.99,0.154,0.003,983,0
984,1654734315,27.109,51.47,6,400,13029,19940,939.763,0.13,0.14,0.93,0.145,0.003,984,0
985,1654734316,27.109,51.28,5,400,13031,19945,939.756,0.14,0.14,0.94,0.147,0.003,985,0
986,1654734317,27.11,51.12,0,400,13037,19948,939.752,0.15,0.15,1.0,0.156,0.004,986,0
987,1654734318,27.111,50.95,0,400,13032,19942,939.752,0.15,0.16,1.05,0.164,0.004,987,0
988,1654734319,27.111,50.8,16,400,13032,19942,939.746,0.15,0.16,1.05,0.164,0.004,988,0
989,1654734320,27.112,50.69,3,400,13029,19938,939.743,0.16,0.16,1.08,0.168,0.004,989,0
990,1654734321,27.112,50.54,3,400,13033,19944,939.744,0.16,0.17,1.1,0.171,0.004,990,0
991,1654734322,27.113,50.43,10,400,13035,19938,939.746,0.16,0.16,1.09,0.17,0.004,991,0
992,1654734323,27.113,50.34,0,400,13031,19940,939.736,0.16,0.16,1.07,0.167,0.004,992,0
993,1654734324,27.114,50.25,10,400,13030,19945,939.733,0.16,0.16,1.07,0.167,0.004,993,0
994,1654734325,27.114,50.18,0,400,13025,19930,939.734,0.16,0.17,1.12,0.175,0.004,994,0
995,1654734326,27.115,50.07,15,400,13028,19935,939.738,0.17,0.18,1.18,0.183,0.004,995,0
996,1654734327,27.115,50.04,12,400,13030,19940,939.742,0.17,0.18,1.18,0.184,0.004,996,0
997,1654734328,27.115,49.93,0,400,13033,19944,939.746,0.19,0.19,1.29,0.201,0.005,997,0
998,1654734329,27.116,49.9,7,400,13034,19943,939.735,0.19,0.2,1.33,0.208,0.005,998,0